id_usuario,nome,senha,email,cpf,data_cadastro,data_nascimento,id_industria,id_telefone,numero,nome_pseudononimizado,email_pseudononimizado,numero_anonimizado,senha_anonimizado,cpf_anonimizado,data_nascimento_anonimizado,data_cadastro_anonimizado
1,Melina da Paz,%4Vz)BdFVR,estercamarg0@example.c0m,52703418914,2025-11-02,1910-08-28,9,1,+5585994003646,Rjqnsf%if%Uf,**********g0@example.c0m,**********3646,..........,527******14,1910-**-**,2025-**-**
2,Luiz Felipe Monteiro,*9HpzFILm7,almeidamaysa@example.net,48153207997,2025-11-02,1968-04-13,49,2,+5555949358886,Qzn%Kjqnuj%Rtsyjnwt,**********sa@example.net,**********8886,..........,481******97,1968-**-**,2025-**-**
3,Caroline Aparecida,Q!23SoBrbe,claran2vais@example.net,79210486501,2025-11-02,1962-03-13,17,3,+55013977071267,Hfwtqnsj%Fufwjhnif,*********is@example.net,***********1267,..........,792******01,1962-**-**,2025-**-**
4,Enrico Lima,1ZmH@a%M+6,matte3silva@example.c3m,34578961273,2025-11-02,1974-01-06,32,4,+55067953538552,Jswnht%Qnrf,*********va@example.c3m,***********8552,..........,345******73,1974-**-**,2025-**-**
5,Otto Duarte,e_O7#C*obE,maced4isabela@example.c4m,02741963525,2025-11-02,1919-02-21,29,5,+5578931154168,Tyyt%Izfwyj,***********la@example.c4m,**********4168,..........,027******25,1919-**-**,2025-**-**
6,Srta. Brenda Fogaça,$YDu43Ej0K,g5mesluiz-gustav5@example.net,64159832709,2025-11-02,1959-09-07,42,6,+55034957829884,Xwyf3%Gwjsif%Ktlfìf,***************v5@example.net,***********9884,..........,641******09,1959-**-**,2025-**-**
7,Gustavo Henrique Oliveira,!0gr!KohL$,isaac61@example.c6m,71849365075,2025-11-02,1918-11-01,14,7,+5575997855929,Lzxyf{t%Mjswnvzj%Tqn{jnwf,*****61@example.c6m,**********5929,..........,718******75,1918-**-**,2025-**-**
8,Yuri Azevedo,$^Giv9FiHq,fernandesmaria-julia@example.7rg,37624980169,2025-11-02,2020-04-30,32,8,+5523911347476,^zwn%Fj{jit,******************ia@example.7rg,**********7476,..........,376******69,2020-**-**,2025-**-**
9,Hadassa Oliveira,@YPAAIc25q,paul8garcia@example.net,81475309279,2025-11-02,1915-08-29,25,9,+5599921917245,Mfifxxf%Tqn{jnwf,*********ia@example.net,**********7245,..........,814******79,1915-**-**,2025-**-**
10,Matheus Costela,y9YsQHEX%n,scamarg9@example.net,17985203621,2025-11-02,1973-01-11,39,10,+55069944058735,Rfymjzx%Htxyjqf,******g9@example.net,***********8735,..........,179******21,1973-**-**,2025-**-**
11,Caleb Siqueira,tBx7G+#l&6,leticiajesus@example.10rg,19048635748,2025-11-02,1923-03-13,50,11,+5506993477636,Hfqjg%Xnvzjnwf,**********us@example.10rg,**********7636,..........,190******48,1923-**-**,2025-**-**
12,Sr. Renan Machado,)bky#5BfH0,sabrinagarcia@example.11rg,52619074894,2025-11-02,1947-02-13,45,12,+5575944713805,Xw3%Wjsfs%Rfhmfit,***********ia@example.11rg,**********3805,..........,526******94,1947-**-**,2025-**-**
13,Lara Barros,^9Wq6UySmA,marinada-c12nceica12@example.net,81927645328,2025-11-02,1952-04-07,18,13,+5507985841948,Qfwf%Gfwwtx,******************12@example.net,**********1948,..........,819******28,1952-**-**,2025-**-**
14,Luiz Fernando Novais,34IoId9_+s,agatha68@example.13rg,68532491006,2025-11-02,1991-07-07,15,14,+55060957310520,Qzn%Kjwsfsit%St{fnx,******68@example.13rg,***********0520,..........,685******06,1991-**-**,2025-**-**
15,Eloah da Luz,B6VxEDUV(b,b14rgesr14drig14@example.14rg,62187530426,2025-11-02,1959-11-07,7,15,+5597950090383,Jqtfm%if%Qz,**************14@example.14rg,**********0383,..........,621******26,1959-**-**,2025-**-**
16,Dra. Nina Souza,z00!AcUuq$,sarahda-c15sta@example.15rg,75481092611,2025-11-02,1992-02-14,2,16,+5528929337722,Iwf3%Snsf%Xtzf,************ta@example.15rg,**********7722,..........,754******11,1992-**-**,2025-**-**
17,Ísis Ferreira,3JHxZDuz*q,rribeir16@example.16rg,18534097232,2025-11-02,1966-12-02,2,17,+55066984951603,Òxnx%Kjwwjnwf,*******16@example.16rg,***********1603,..........,185******32,1966-**-**,2025-**-**
18,Thales da Cunha,Q!)W0Rnzz%,xm17nteir17@example.net,90863217478,2025-11-02,1954-03-19,35,18,+5580932442798,Ymfqjx%if%Hzsmf,*********17@example.net,**********2798,..........,908******78,1954-**-**,2025-**-**
19,Maria Flor Azevedo,Z(j0ZlxlF!,carvalh18eduarda@example.net,41962307506,2025-11-02,1964-06-13,25,19,+5506970282212,Rfwnf%Kqtw%Fj{jit,**************da@example.net,**********2212,..........,419******06,1964-**-**,2025-**-**
20,Léo Vasconcelos,be+6ACjq$B,emanuellacard19s19@example.c19m,08617392487,2025-11-02,1911-11-10,14,20,+5595983138070,Qît%[fxhtshjqtx,****************19@example.c19m,**********8070,..........,086******87,1911-**-**,2025-**-**
21,Sr. Fernando Pastor,dA&4LiXay!,dieg2004@example.net,47915680366,2025-11-02,1986-03-01,47,21,+55014941053938,Xw3%Kjwsfsit%Ufxytw,******04@example.net,***********3938,..........,479******66,1986-**-**,2025-**-**
22,Thales Moura,+1ORlSoqHG,acavalcante@example.c21m,69308745157,2025-11-02,1931-08-25,34,22,+55004916950328,Ymfqjx%Rtzwf,*********te@example.c21m,***********0328,..........,693******57,1931-**-**,2025-**-**
23,Ryan Lopes,o&c!U8VrhS,nic22las43@example.net,53480127932,2025-11-02,1918-09-11,49,23,+5591944991312,W~fs%Qtujx,********43@example.net,**********1312,..........,534******32,1918-**-**,2025-**-**
24,Giovanna Dias,7^g*8Ip(vy,estherg23ncalves@example.c23m,65231908460,2025-11-02,1958-11-07,32,24,+5583936256460,Lnt{fssf%Infx,**************es@example.c23m,**********6460,..........,652******60,1958-**-**,2025-**-**
25,Luísa Machado,Dqi$H5IvKj,da-c24nceica24maria-eduarda@example.24rg,93125806712,2025-11-02,1917-11-22,15,25,+5521987570513,Qzòxf%Rfhmfit,*************************da@example.24rg,**********0513,..........,931******12,1917-**-**,2025-**-**
26,Danilo Silveira,n!v3zWvlMF,m25ntenegr25ant25nella@example.net,56741392882,2025-11-02,1987-03-12,15,26,+5556929914838,Ifsnqt%Xnq{jnwf,********************la@example.net,**********4838,..........,567******82,1987-**-**,2025-**-**
27,Gustavo Ferreira,^5@9$Fko(G,n26vaeslucas-gabriel@example.c26m,13405287626,2025-11-02,2001-06-11,15,27,+5546965560560,Lzxyf{t%Kjwwjnwf,******************el@example.c26m,**********0560,..........,134******26,2001-**-**,2025-**-**
28,Rafaela Rezende,M^J)5GYwNs,ig27r08@example.net,63970521416,2025-11-02,1986-04-30,30,28,+55024924376327,Wfkfjqf%Wjjsij,*****08@example.net,***********6327,..........,639******16,1986-**-**,2025-**-**
29,Kamilly da Conceição,MjS^4RUc2O,alvesgustav28-henrique@example.net,92570436143,2025-11-02,1975-07-12,2,29,+5571965295770,Pfrnqq~%if%Htshjnìèt,********************ue@example.net,**********5770,..........,925******43,1975-**-**,2025-**-**
30,Larissa da Mata,C)v3i9Jrks,z29ebrit29@example.net,05217638940,2025-11-02,1992-11-19,36,30,+5550918249950,Qfwnxxf%if%Rfyf,********29@example.net,**********9950,..........,052******40,1992-**-**,2025-**-**
31,Ana Clara Rodrigues,0^uR9nvz%p,ana-laurasilva@example.net,91724658328,2025-11-02,2004-12-22,7,31,+5569936334389,Fsf%Hqfwf%Wtiwnlzjx,************va@example.net,**********4389,..........,917******28,2004-**-**,2025-**-**
32,Valentina Fonseca,K$268K)p+b,bren3177@example.c31m,58947310620,2025-11-02,1958-02-03,41,32,+55046956776534,[fqjsynsf%Ktsxjhf,******77@example.c31m,***********6534,..........,589******20,1958-**-**,2025-**-**
33,Srta. Sofia Silva,2Jq#!6dKw!,da-m32tahelena@example.net,34807592114,2025-11-02,1950-10-29,19,33,+5595969807052,Xwyf3%Xtknf%Xnq{f,************na@example.net,**********7052,..........,348******14,1950-**-**,2025-**-**
34,Dr. Thiago Monteiro,^17M2tBiIe,leticia87@example.c33m,56783149200,2025-11-02,1935-02-14,48,34,+5516936166889,Iw3%Ymnflt%Rtsyjnwt,*******87@example.c33m,**********6889,..........,567******00,1935-**-**,2025-**-**
35,Cauã Cirino,^h0DPWxyIu,m34raesayla@example.net,42860953124,2025-11-02,1985-09-10,47,35,+5577908732375,Hfzè%Hnwnst,*********la@example.net,**********2375,..........,428******24,1985-**-**,2025-**-**
36,Bento Farias,c8E6WZc@%),spimenta@example.c35m,34915706893,2025-11-02,2009-07-04,33,36,+5586979218296,Gjsyt%Kfwnfx,******ta@example.c35m,**********8296,..........,349******93,2009-**-**,2025-**-**
37,Joaquim Gomes,vfQVQ%jv%8,hadassasales@example.net,38509476101,2025-11-02,1950-03-13,33,37,+5538989488241,Otfvznr%Ltrjx,**********es@example.net,**********8241,..........,385******01,1950-**-**,2025-**-**
38,Matteo Rocha,@^E16Vnk2x,kda-r37sa@example.c37m,90162845758,2025-11-02,1929-03-06,13,38,+5534940103678,Rfyyjt%Wthmf,*******sa@example.c37m,**********3678,..........,901******58,1929-**-**,2025-**-**
39,Caroline Dias,zXs7Anft%J,ana-car38lina27@example.c38m,97205641306,2025-11-02,1912-03-23,19,39,+5522991373846,Hfwtqnsj%Infx,*************27@example.c38m,**********3846,..........,972******06,1912-**-**,2025-**-**
40,Sra. Yasmin Correia,6#bqoQbr^0,the39mend39nca@example.net,01958267368,2025-11-02,1977-07-12,32,40,+55089979494192,Xwf3%^fxrns%Htwwjnf,************ca@example.net,***********4192,..........,019******68,1977-**-**,2025-**-**
41,Enzo Gabriel Farias,z!Y1)9Xv!D,evelyn34@example.net,60832571407,2025-11-02,1992-03-19,26,41,+55020949528847,Jst%Lfgwnjq%Kfwnfx,******34@example.net,***********8847,..........,608******07,1992-**-**,2025-**-**
42,Maria Luísa Silveira,Ka)4_Hwmfk,fnunes@example.c41m,76408135226,2025-11-02,2001-11-20,3,42,+5516974966645,Rfwnf%Qzòxf%Xnq{jnwf,****es@example.c41m,**********6645,..........,764******26,2001-**-**,2025-**-**
43,André Cardoso,7!Es$8L2$9,uda-r42cha@example.42rg,15376049299,2025-11-02,1979-06-03,16,43,+55012976848187,Fsiwî%Hfwitxt,********ha@example.42rg,***********8187,..........,153******99,1979-**-**,2025-**-**
44,Manuela Santos,8Y^2S0Wiu*,piresaylla@example.net,28761403571,2025-11-02,2001-01-23,26,44,+5546994503406,Rfszjqf%Xfsytx,********la@example.net,**********3406,..........,287******71,2001-**-**,2025-**-**
45,Anthony da Paz,ojnoP7ac*0,iduarte@example.44rg,16952340815,2025-11-02,1926-12-07,43,45,+5588988966058,Fsymts~%if%Uf,*****te@example.44rg,**********6058,..........,169******15,1926-**-**,2025-**-**
46,Srta. Luísa Nogueira,gc6f0Qud*p,adias@example.45rg,90462538729,2025-11-02,1988-02-10,24,46,+5526979850085,Xwyf3%Qzòxf%Stlzjnwf,***as@example.45rg,**********0085,..........,904******29,1988-**-**,2025-**-**
47,Gael Henrique Pastor,%!K30UJbHp,brun46c46sta@example.46rg,78126059494,2025-11-02,1953-01-21,45,47,+5593933139118,Lfjq%Mjswnvzj%Ufxytw,**********ta@example.46rg,**********9118,..........,781******94,1953-**-**,2025-**-**
48,Sra. Gabriela da Costa,y7hpFDYc_d,cassian47car47lina@example.c47m,30524798141,2025-11-02,1934-08-09,44,48,+5535907255748,Xwf3%Lfgwnjqf%if%Htxyf,****************na@example.c47m,**********5748,..........,305******41,1934-**-**,2025-**-**
49,Cecília Sales,00ASyoE$%a,us48usa@example.net,32470961599,2025-11-02,1949-10-29,24,49,+5556927840712,Hjhòqnf%Xfqjx,*****sa@example.net,**********0712,..........,324******99,1949-**-**,2025-**-**
50,Letícia Macedo,i7ZrPau3$6,m49ntenegr49nic49le@example.net,90821465767,2025-11-02,2006-10-16,29,50,+55055966041387,Qjyòhnf%Rfhjit,*****************le@example.net,***********1387,..........,908******67,2006-**-**,2025-**-**
51,Helena Albuquerque,SfGZtX45(0,bcamarg50@example.net,29873051414,2025-11-02,1988-07-19,33,51,+5520971764193,Mjqjsf%Fqgzvzjwvzj,*******50@example.net,**********4193,..........,298******14,1988-**-**,2025-**-**
52,Caio Nunes,Qj6nQvO6!+,vinicius88@example.c51m,94617230599,2025-11-02,1991-07-22,50,52,+5544912579233,Hfnt%Szsjx,********88@example.c51m,**********9233,..........,946******99,1991-**-**,2025-**-**
53,Esther da Mata,0HBb#&4f&K,cavalcantidavi@example.net,61870394240,2025-11-02,1934-11-08,34,53,+5556903950485,Jxymjw%if%Rfyf,************vi@example.net,**********0485,..........,618******40,1934-**-**,2025-**-**
54,Manuella Martins,F8BK5Lvu%2,m53uraleandr53@example.c53m,02147395897,2025-11-02,1951-01-01,24,54,+5538913821384,Rfszjqqf%Rfwynsx,************53@example.c53m,**********1384,..........,021******97,1951-**-**,2025-**-**
55,Maria Cecília Martins,#aR@Z4+9Y0,martinsvicente@example.54rg,42978613564,2025-11-02,1979-04-26,47,55,+5542991083106,Rfwnf%Hjhòqnf%Rfwynsx,************te@example.54rg,**********3106,..........,429******64,1979-**-**,2025-**-**
56,Isabel da Cruz,!2IakOTYy@,anaaparecida@example.net,32175084671,2025-11-02,1924-12-18,31,56,+5568964907808,Nxfgjq%if%Hwz,**********da@example.net,**********7808,..........,321******71,1924-**-**,2025-**-**
57,Bárbara Silveira,$2Q9z8XnD^,alvesthe56@example.56rg,82537160444,2025-11-02,1976-09-23,20,57,+5566927525987,Gæwgfwf%Xnq{jnwf,********56@example.56rg,**********5987,..........,825******44,1976-**-**,2025-**-**
58,Caio Moreira,aUa1FcM7I_,psant57s@example.c57m,09736425134,2025-11-02,1984-11-14,40,58,+5552903254417,Hfnt%Rtwjnwf,******7s@example.c57m,**********4417,..........,097******34,1984-**-**,2025-**-**
59,Dr. Augusto Gonçalves,(ca4Osvb$I,leticia39@example.c58m,45963870100,2025-11-02,2011-06-05,38,59,+5555993291157,Iw3%Fzlzxyt%Ltsìfq{jx,*******39@example.c58m,**********1157,..........,459******00,2011-**-**,2025-**-**
60,Ravy Pereira,&upePnUa1w,dalbuquerque@example.c59m,19045782332,2025-11-02,1958-07-11,42,60,+5577944246621,Wf{~%Ujwjnwf,**********ue@example.c59m,**********6621,..........,190******32,1958-**-**,2025-**-**
61,Maria Sophia Fernandes,@5^FNDnDB9,bianca55@example.net,03629758410,2025-11-02,1997-06-15,11,61,+5593979155070,Rfwnf%Xtumnf%Kjwsfsijx,******55@example.net,**********5070,..........,036******10,1997-**-**,2025-**-**
62,Apollo Campos,(Ybt57Jg7h,isaque97@example.c61m,04123967507,2025-11-02,1967-07-23,15,62,+55051994290639,Futqqt%Hfrutx,******97@example.c61m,***********0639,..........,041******07,1967-**-**,2025-**-**
63,Lavínia Melo,#swH6jv6!9,lucasalmeida@example.62rg,10493682740,2025-11-02,1989-09-17,50,63,+5506986128701,Qf{òsnf%Rjqt,**********da@example.62rg,**********8701,..........,104******40,1989-**-**,2025-**-**
64,Maria Alice Machado,3c7Wbv2r##,ana-liz48@example.net,18204736940,2025-11-02,1955-12-11,35,64,+5590936866955,Rfwnf%Fqnhj%Rfhmfit,*******48@example.net,**********6955,..........,182******40,1955-**-**,2025-**-**
65,Thales Albuquerque,4x*m7YpkYE,ana-juliarezende@example.net,71642903850,2025-11-02,1926-02-26,15,65,+55003953920124,Ymfqjx%Fqgzvzjwvzj,**************de@example.net,***********0124,..........,716******50,1926-**-**,2025-**-**
66,Arthur da Luz,fI$3V#_xC*,luiz-felipeteixeira@example.65rg,74026398510,2025-11-02,1952-03-22,33,66,+5520906177859,Fwymzw%if%Qz,*****************ra@example.65rg,**********7859,..........,740******10,1952-**-**,2025-**-**
67,Júlia Nogueira,+vjx3Mh0e*,maria-juliavieira@example.c66m,14593086701,2025-11-02,1947-01-04,37,67,+5576920522373,Oÿqnf%Stlzjnwf,***************ra@example.c66m,**********2373,..........,145******01,1947-**-**,2025-**-**
68,Anna Liz Macedo,7tr4Ih3fH*,j67se-miguelda-r67cha@example.c67m,60395172470,2025-11-02,1971-08-27,30,68,+55030906722706,Fssf%Qn%Rfhjit,*******************ha@example.c67m,***********2706,..........,603******70,1971-**-**,2025-**-**
69,Maria Vitória Fonseca,H1CIsvah)u,isaac27@example.68rg,24158769337,2025-11-02,1931-02-23,43,69,+55049947955959,Rfwnf%[nyøwnf%Ktsxjhf,*****27@example.68rg,***********5959,..........,241******37,1931-**-**,2025-**-**
70,Beatriz da Mata,z+h6eTYJ)1,epachec69@example.69rg,46820513771,2025-11-02,1922-01-08,39,70,+5576923769831,Gjfywn%if%Rfyf,*******69@example.69rg,**********9831,..........,468******71,1922-**-**,2025-**-**
71,Benjamin Gomes,_)8fWQc*OL,da-r70chamaria-fernanda@example.c70m,12374859088,2025-11-02,1914-11-15,1,71,+5503928080021,Gjsofrns%Ltrjx,*********************da@example.c70m,**********0021,..........,123******88,1914-**-**,2025-**-**
72,Ágatha Alves,X%np4GTfJP,the71d71r71silva@example.net,20853961786,2025-11-02,2023-10-18,48,72,+5521942632273,Ælfymf%Fq{jx,**************va@example.net,**********2273,..........,208******86,2023-**-**,2025-**-**
73,Otto Aragão,s_x27UhDg_,m72ntenegr72maria-alice@example.72rg,63725190895,2025-11-02,1974-01-21,9,73,+5519929910897,Tyyt%Fwflèt,*********************ce@example.72rg,**********0897,..........,637******95,1974-**-**,2025-**-**
74,Ana Júlia da Mota,QPgq1Bw)!6,gi73vanna09@example.net,94371205607,2025-11-02,1925-11-12,50,74,+5522978706024,Fsf%Oÿqnf%if%Rtyf,*********09@example.net,**********6024,..........,943******07,1925-**-**,2025-**-**
75,Maria Ferreira,ZHT4UNmI+R,m74reira74tavi74@example.net,17325069812,2025-11-02,2006-12-15,14,75,+5556938312445,Rfwnf%Kjwwjnwf,**************74@example.net,**********2445,..........,173******12,2006-**-**,2025-**-**
76,Mariah Cavalcanti,%P6)b5CxQn,pcavalcanti@example.net,98172465076,2025-11-02,1938-12-30,4,76,+5501978953387,Rfwnfm%Hf{fqhfsyn,*********ti@example.net,**********3387,..........,981******76,1938-**-**,2025-**-**
77,Luara Machado,2@5OX0dzJ3,zcaldeira@example.net,76259801467,2025-11-02,1974-08-12,24,77,+5518925618757,Qzfwf%Rfhmfit,*******ra@example.net,**********8757,..........,762******67,1974-**-**,2025-**-**
78,Gael Henrique Santos,_8pm6*9p_C,benjamimjesus@example.77rg,12698537086,2025-11-02,1982-09-26,36,78,+5542995026342,Lfjq%Mjswnvzj%Xfsytx,***********us@example.77rg,**********6342,..........,126******86,1982-**-**,2025-**-**
79,Ana Cecília da Mota,Vb14CGufK&,j78a7891@example.c78m,20567913821,2025-11-02,1943-04-26,33,79,+5518998790627,Fsf%Hjhòqnf%if%Rtyf,******91@example.c78m,**********0627,..........,205******21,1943-**-**,2025-**-**
80,Eduarda Nascimento,hRDL1Duml),s79usacaleb@example.79rg,98043165289,2025-11-02,1945-05-13,32,80,+5513970350478,Jizfwif%Sfxhnrjsyt,*********eb@example.79rg,**********0478,..........,980******89,1945-**-**,2025-**-**
81,Maria Laura Rodrigues,J8UGwYd1*o,th80masda-r80cha@example.net,61234890704,2025-11-02,1918-03-04,27,81,+5529931991412,Rfwnf%Qfzwf%Wtiwnlzjx,**************ha@example.net,**********1412,..........,612******04,1918-**-**,2025-**-**
82,Isabel Campos,y7&hr^TT(A,pc81stela@example.net,09641275801,2025-11-02,1954-06-24,1,82,+5525903099201,Nxfgjq%Hfrutx,*******la@example.net,**********9201,..........,096******01,1954-**-**,2025-**-**
83,Felipe Nascimento,RXP8aPv%H#,ef82gaca@example.net,38091675410,2025-11-02,1973-05-28,35,83,+5544949518722,Kjqnuj%Sfxhnrjsyt,******ca@example.net,**********8722,..........,380******10,1973-**-**,2025-**-**
84,Cecilia Costa,@1nN9IVRae,83das-neves@example.83rg,16724853982,2025-11-02,1968-10-01,40,84,+55090934217682,Hjhnqnf%Htxyf,*********es@example.83rg,***********7682,..........,167******82,1968-**-**,2025-**-**
85,Théo Ramos,Fq92@UYpw$,vit84r-hug8460@example.c84m,18609753484,2025-11-02,1974-08-26,30,85,+5570996645079,Ymît%Wfrtx,************60@example.c84m,**********5079,..........,186******84,1974-**-**,2025-**-**
86,Luísa Pacheco,)S$uFbNe4!,j85a85-guilhermeferreira@example.85rg,54063912833,2025-11-02,2017-05-26,2,86,+5519931635194,Qzòxf%Ufhmjht,**********************ra@example.85rg,**********5194,..........,540******33,2017-**-**,2025-**-**
87,Laura Abreu,QO@2Yo4ew_,l86renal86pes@example.net,19520738630,2025-11-02,2003-09-28,15,87,+5584968672370,Qfzwf%Fgwjz,***********es@example.net,**********2370,..........,195******30,2003-**-**,2025-**-**
88,Antonella Nogueira,$0%6YH8yDg,ynasciment87@example.net,52947160894,2025-11-02,1956-08-15,12,88,+5518995537447,Fsytsjqqf%Stlzjnwf,**********87@example.net,**********7447,..........,529******94,1956-**-**,2025-**-**
89,Bento Mendes,$e*_3HdWh4,mg88mes@example.net,59471286085,2025-11-02,1941-08-07,38,89,+5559948934335,Gjsyt%Rjsijx,*****es@example.net,**********4335,..........,594******85,1941-**-**,2025-**-**
90,Sara Nogueira,j&VFhrPF@3,mayada-cruz@example.89rg,15978460310,2025-11-02,1969-02-01,6,90,+5563959232381,Xfwf%Stlzjnwf,*********uz@example.89rg,**********2381,..........,159******10,1969-**-**,2025-**-**
91,Stephany Pereira,x2@1pGAp#S,ana-s90phia31@example.90rg,43956271882,2025-11-02,1998-03-15,36,91,+5562944553907,Xyjumfs~%Ujwjnwf,***********31@example.90rg,**********3907,..........,439******82,1998-**-**,2025-**-**
92,Benjamin Camargo,(8ZoaLnfT1,hcard91s91@example.91rg,96514023770,2025-11-02,1984-11-04,17,92,+55019950479554,Gjsofrns%Hfrfwlt,********91@example.91rg,***********9554,..........,965******70,1984-**-**,2025-**-**
93,Pedro Miguel da Rocha,E)m011fbRK,larissa35@example.net,83194750232,2025-11-02,1955-08-01,44,93,+5582987468909,Ujiwt%Rnlzjq%if%Wthmf,*******35@example.net,**********8909,..........,831******32,1955-**-**,2025-**-**
94,Brenda Freitas,$8wWZxuaJW,castr93isabela@example.93rg,07425639874,2025-11-02,1990-10-23,6,94,+5522951023372,Gwjsif%Kwjnyfx,************la@example.93rg,**********3372,..........,074******74,1990-**-**,2025-**-**
95,Dom Cirino,k*$X8^YrFW,davip94rt94@example.94rg,94103768584,2025-11-02,1936-05-17,29,95,+5585963421337,Itr%Hnwnst,*********94@example.94rg,**********1337,..........,941******84,1936-**-**,2025-**-**
96,Bryan Camargo,CZp*&mst#5,ninada-mata@example.c95m,84690571384,2025-11-02,1966-06-27,49,96,+5515995391019,Gw~fs%Hfrfwlt,*********ta@example.c95m,**********1019,..........,846******84,1966-**-**,2025-**-**
97,João Gabriel Fernandes,d&26ZPIsi^,maria-vit96ria38@example.96rg,50487913205,2025-11-02,1961-01-22,18,97,+55081936591019,Otèt%Lfgwnjq%Kjwsfsijx,**************38@example.96rg,***********1019,..........,504******05,1961-**-**,2025-**-**
98,Francisco Camargo,+S15Vb5pWE,f97nsecabren97@example.97rg,24379860574,2025-11-02,1960-06-13,18,98,+5566974619352,Kwfshnxht%Hfrfwlt,************97@example.97rg,**********9352,..........,243******74,1960-**-**,2025-**-**
99,Helena Pastor,yFUIr)#a_8,ecirin98@example.net,87461329537,2025-11-02,1971-07-26,40,99,+55008911776085,Mjqjsf%Ufxytw,******98@example.net,***********6085,..........,874******37,1971-**-**,2025-**-**
100,Arthur Macedo,#Ay8DS1w*9,car99line19@example.99rg,57682410949,2025-11-02,1923-06-24,23,100,+5504964479903,Fwymzw%Rfhjit,*********19@example.99rg,**********9903,..........,576******49,1923-**-**,2025-**-**
101,Igor Martins,3!(5V8xpjO,pietraarauj100@example.net,97365081457,2025-11-02,1973-04-11,5,101,+55041986886316,Nltw%Rfwynsx,************00@example.net,***********6316,..........,973******57,1973-**-**,2025-**-**
102,Clara Fogaça,yNOr4jBF$5,ana-beatrizb101rges@example.101rg,49028761594,2025-11-02,1934-08-24,11,102,+5545980964536,Hqfwf%Ktlfìf,*****************es@example.101rg,**********4536,..........,490******94,1934-**-**,2025-**-**
103,João Guilherme Pires,3siNSJT1*f,f102gacalarissa@example.102rg,42895761094,2025-11-02,1941-02-01,34,103,+5537931806827,Otèt%Lznqmjwrj%Unwjx,*************sa@example.102rg,**********6827,..........,428******94,1941-**-**,2025-**-**
104,Breno Souza,_ZTdu9Yn9h,alexandres103usa@example.103rg,87240695310,2025-11-02,2000-11-05,43,104,+5529937833119,Gwjst%Xtzf,**************sa@example.103rg,**********3119,..........,872******10,2000-**-**,2025-**-**
105,Nina Vieira,$9J5QcoRE),rda-luz@example.104rg,96237481591,2025-11-02,2009-05-29,42,105,+5559935760478,Snsf%[njnwf,*****uz@example.104rg,**********0478,..........,962******91,2009-**-**,2025-**-**
106,Oliver da Paz,jk90V+Umg),marina94@example.c105m,12836597437,2025-11-02,1962-12-15,19,106,+55044973514261,Tqn{jw%if%Uf,******94@example.c105m,***********4261,..........,128******37,1962-**-**,2025-**-**
107,Mathias Mendes,$v)w8ZxLrs,n106vaisisabella@example.106rg,04837296556,2025-11-02,1984-10-14,45,107,+5595914631332,Rfymnfx%Rjsijx,**************la@example.106rg,**********1332,..........,048******56,1984-**-**,2025-**-**
108,Ágatha Souza,%eXlOeNi58,nic107lasazeved107@example.107rg,98460253783,2025-11-02,1918-09-01,32,108,+5556944389461,Ælfymf%Xtzf,****************07@example.107rg,**********9461,..........,984******83,1918-**-**,2025-**-**
109,Dra. Hellena Barbosa,B2Y3SC*jd_,evelyn18@example.108rg,32015467807,2025-11-02,1952-08-25,8,109,+5572994937994,Iwf3%Mjqqjsf%Gfwgtxf,******18@example.108rg,**********7994,..........,320******07,1952-**-**,2025-**-**
110,Rebeca Araújo,7XVK_Zw^*U,juliana27@example.109rg,93527810668,2025-11-02,2023-06-09,20,110,+5532946874868,Wjgjhf%Fwfÿot,*******27@example.109rg,**********4868,..........,935******68,2023-**-**,2025-**-**
111,Thomas Novaes,!H22Hx3w9X,alvespaul110@example.110rg,73684019240,2025-11-02,2025-03-01,22,111,+5546900070190,Ymtrfx%St{fjx,**********10@example.110rg,**********0190,..........,736******40,2025-**-**,2025-**-**
112,Isabelly Moreira,^pddKph##9,s111phiemachad111@example.c111m,54876132062,2025-11-02,1953-06-08,13,112,+5530990557480,Nxfgjqq~%Rtwjnwf,***************11@example.c111m,**********7480,..........,548******62,1953-**-**,2025-**-**
113,Melissa Porto,5(6ECDhEsA,wsant112s@example.net,96572801411,2025-11-02,1963-07-10,7,113,+5574976855698,Rjqnxxf%Utwyt,*******2s@example.net,**********5698,..........,965******11,1963-**-**,2025-**-**
114,Rafaela da Rocha,t_0A2fVG2+,pda-luz@example.net,27156398059,2025-11-02,1993-08-20,47,114,+5517978638975,Wfkfjqf%if%Wthmf,*****uz@example.net,**********8975,..........,271******59,1993-**-**,2025-**-**
115,Ísis Macedo,q%H5_upg9M,fernandeslara@example.c114m,72354689047,2025-11-02,1931-09-06,14,115,+5523962169112,Òxnx%Rfhjit,***********ra@example.c114m,**********9112,..........,723******47,1931-**-**,2025-**-**
116,Mariah Dias,+MaEKENzx9,davi-lucas01@example.c115m,74260398547,2025-11-02,1943-07-13,28,116,+55038918158724,Rfwnfm%Infx,**********01@example.c115m,***********8724,..........,742******47,1943-**-**,2025-**-**
117,Arthur Miguel Jesus,kWo8B%uq$6,idas-neves@example.c116m,86019235777,2025-11-02,1983-10-15,15,117,+5575995544322,Fwymzw%Rnlzjq%Ojxzx,********es@example.c116m,**********4322,..........,860******77,1983-**-**,2025-**-**
118,Gustavo Henrique Sá,eHCkT8Qe)9,casa-grandeemilly@example.net,28650413951,2025-11-02,1997-03-07,26,118,+5587920772442,Lzxyf{t%Mjswnvzj%Xæ,***************ly@example.net,**********2442,..........,286******51,1997-**-**,2025-**-**
119,Marina Castro,(lOKcml2J1,vinicius45@example.c118m,02153946743,2025-11-02,1960-12-23,3,119,+5512950699185,Rfwnsf%Hfxywt,********45@example.c118m,**********9185,..........,021******43,1960-**-**,2025-**-**
120,Maria Clara Lima,7rU1SBnQ(i,davi-miguelsa@example.c119m,56928310740,2025-11-02,2007-08-09,11,120,+5514972846793,Rfwnf%Hqfwf%Qnrf,***********sa@example.c119m,**********6793,..........,569******40,2007-**-**,2025-**-**
121,Lorena da Rocha,JzZVJaTm^2,fernand12062@example.net,81974653200,2025-11-02,1960-07-22,46,121,+5513975900203,Qtwjsf%if%Wthmf,**********62@example.net,**********0203,..........,819******00,1960-**-**,2025-**-**
122,Rhavi Fonseca,^@3IkSogo+,larauj121@example.c121m,82451079649,2025-11-02,1925-08-31,44,122,+5534968846491,Wmf{n%Ktsxjhf,*******21@example.c121m,**********6491,..........,824******49,1925-**-**,2025-**-**
123,Dra. Ana Carolina Gonçalves,Pb_0+VTqs1,dda-c122sta@example.c122m,48970615393,2025-11-02,1994-09-25,35,123,+5523933133464,Iwf3%Fsf%Hfwtqnsf%Ltsìfq{jx,*********ta@example.c122m,**********3464,..........,489******93,1994-**-**,2025-**-**
124,Davi Luiz Gonçalves,o&2ArLroCH,pedr123-henriquecaldeira@example.123rg,30782591450,2025-11-02,1974-10-26,41,124,+5562921641888,If{n%Qzn%Ltsìfq{jx,**********************ra@example.123rg,**********1888,..........,307******50,1974-**-**,2025-**-**
125,Helena Gomes,*hVDS#pjM7,arthur-gabrielmend124nca@example.net,74031259670,2025-11-02,1952-03-23,45,125,+5547991756545,Mjqjsf%Ltrjx,**********************ca@example.net,**********6545,..........,740******70,1952-**-**,2025-**-**
126,Amanda da Conceição,q&1*6Mxtmy,qfernandes@example.net,71804936278,2025-11-02,2021-12-07,29,126,+5591927617345,Frfsif%if%Htshjnìèt,********es@example.net,**********7345,..........,718******78,2021-**-**,2025-**-**
127,Giovanna Gomes,(6AOBcGsV4,rhavi96@example.c126m,43801752941,2025-11-02,1995-09-05,34,127,+55013961417984,Lnt{fssf%Ltrjx,*****96@example.c126m,***********7984,..........,438******41,1995-**-**,2025-**-**
128,Calebe Costela,m(m4Ij!nTE,liz48@example.127rg,85674230153,2025-11-02,2025-01-05,2,128,+5543914706896,Hfqjgj%Htxyjqf,***48@example.127rg,**********6896,..........,856******53,2025-**-**,2025-**-**
129,Isadora Novaes,Co3m6R6!*5,aparecidaana-julia@example.128rg,32871405905,2025-11-02,1917-02-23,44,129,+5548970817178,Nxfitwf%St{fjx,****************ia@example.128rg,**********7178,..........,328******05,1917-**-**,2025-**-**
130,Srta. Maria Helena Pimenta,Yj7IWiUDp@,da-mataenz129@example.c129m,46293581709,2025-11-02,1956-04-18,21,130,+5509926506979,Xwyf3%Rfwnf%Mjqjsf%Unrjsyf,***********29@example.c129m,**********6979,..........,462******09,1956-**-**,2025-**-**
131,Sr. Ian Barbosa,3QMnv@pE#7,teixeiraluiz-130tavi130@example.130rg,73128956464,2025-11-02,1973-10-11,41,131,+5522980400922,Xw3%Nfs%Gfwgtxf,*********************30@example.130rg,**********0922,..........,731******64,1973-**-**,2025-**-**
132,Raul Ramos,vU5x8Bmw_C,valentina59@example.c131m,58934126051,2025-11-02,1954-05-20,4,132,+5523942106456,Wfzq%Wfrtx,*********59@example.c131m,**********6456,..........,589******51,1954-**-**,2025-**-**
133,Luísa Andrade,)^5pLeVZ2L,ferreiradavi@example.net,27093846556,2025-11-02,1941-12-18,20,133,+5564952584355,Qzòxf%Fsiwfij,**********vi@example.net,**********4355,..........,270******56,1941-**-**,2025-**-**
134,Luiz Felipe Leão,iOoo7N*eQ(,caldeiraj133se-miguel@example.c133m,07685412985,2025-11-02,1948-03-31,14,134,+5536919517928,Qzn%Kjqnuj%Qjèt,*******************el@example.c133m,**********7928,..........,076******85,1948-**-**,2025-**-**
135,Milena Aragão,*s^0iWjX&A,upachec134@example.c134m,91832760413,2025-11-02,1913-04-30,20,135,+5596921677073,Rnqjsf%Fwflèt,********34@example.c134m,**********7073,..........,918******13,1913-**-**,2025-**-**
136,Marcelo Mendes,VBL6geDK!4,ym135nteir135@example.135rg,50746128967,2025-11-02,1967-08-14,5,136,+5599919419840,Rfwhjqt%Rjsijx,***********35@example.135rg,**********9840,..........,507******67,1967-**-**,2025-**-**
137,Lorenzo Vieira,RN8hPZz1_#,castr136henrique@example.c136m,25601834989,2025-11-02,2016-07-31,20,137,+5580945671219,Qtwjst%[njnwf,**************ue@example.c136m,**********1219,..........,256******89,2016-**-**,2025-**-**
138,Sr. João Felipe Moreira,k6B5Q*si_(,tguerra@example.137rg,52106798377,2025-11-02,1955-11-17,11,138,+5510937650421,Xw3%Otèt%Kjqnuj%Rtwjnwf,*****ra@example.137rg,**********0421,..........,521******77,1955-**-**,2025-**-**
139,Eduardo Porto,1*ZiK+Au#G,bryan79@example.c138m,06351928702,2025-11-02,1945-03-24,37,139,+5599947411493,Jizfwit%Utwyt,*****79@example.c138m,**********1493,..........,063******02,1945-**-**,2025-**-**
140,Ana Clara Almeida,Q)39@OgFQs,le139nard13941@example.net,78469320556,2025-11-02,1960-05-01,9,140,+5595950975094,Fsf%Hqfwf%Fqrjnif,************41@example.net,**********5094,..........,784******56,1960-**-**,2025-**-**
141,Sra. Bianca Correia,wb6D#KaA^7,140g140ncalves@example.140rg,72863954164,2025-11-02,1950-03-12,36,141,+5534966432487,Xwf3%Gnfshf%Htwwjnf,************es@example.140rg,**********2487,..........,728******64,1950-**-**,2025-**-**
142,Isis Freitas,^XeGg5O^74,jteixeira@example.c141m,96273510830,2025-11-02,1986-04-25,38,142,+55099921871312,Nxnx%Kwjnyfx,*******ra@example.c141m,***********1312,..........,962******30,1986-**-**,2025-**-**
143,Melina Barbosa,*HSRCywbD3,castr142aur142ra@example.142rg,46205189720,2025-11-02,1970-07-13,37,143,+5583985128203,Rjqnsf%Gfwgtxf,**************ra@example.142rg,**********8203,..........,462******20,1970-**-**,2025-**-**
144,Sra. Ágatha Moreira,$CK3Yk6E@a,luigisampai143@example.143rg,28940631722,2025-11-02,1932-10-17,11,144,+5503982567608,Xwf3%Ælfymf%Rtwjnwf,************43@example.143rg,**********7608,..........,289******22,1932-**-**,2025-**-**
145,Amanda Almeida,6M1X$Qe!!s,maria-juliasales@example.c144m,68452937164,2025-11-02,2007-05-17,46,145,+5527937891588,Frfsif%Fqrjnif,**************es@example.c144m,**********1588,..........,684******64,2007-**-**,2025-**-**
146,Mariana Albuquerque,@f6Ki0m&7A,gabrielly92@example.c145m,27450398141,2025-11-02,1974-10-06,33,146,+55001997562748,Rfwnfsf%Fqgzvzjwvzj,*********92@example.c145m,***********2748,..........,274******41,1974-**-**,2025-**-**
147,Alexandre Alves,ZD3UR)ok&h,enz146g146ncalves@example.c146m,26710493822,2025-11-02,1925-12-15,25,147,+55048975182725,Fqj}fsiwj%Fq{jx,***************es@example.c146m,***********2725,..........,267******22,1925-**-**,2025-**-**
148,Rafaela Vieira,qDAm3uHV_5,silvabarbara@example.c147m,82037195460,2025-11-02,1936-10-31,23,148,+5563933260447,Wfkfjqf%[njnwf,**********ra@example.c147m,**********0447,..........,820******60,1936-**-**,2025-**-**
149,Luiz Miguel Cardoso,l&5QG9dse4,m148raescatarina@example.net,37291548691,2025-11-02,1953-09-27,14,149,+55006982929260,Qzn%Rnlzjq%Hfwitxt,**************na@example.net,***********9260,..........,372******91,1953-**-**,2025-**-**
150,Sr. Marcos Vinicius Novaes,#W@FdWUcO7,sdias@example.149rg,73502819432,2025-11-02,1958-05-05,44,150,+5588978974117,Xw3%Rfwhtx%[nsnhnzx%St{fjx,***as@example.149rg,**********4117,..........,735******32,1958-**-**,2025-**-**
151,Mirella Abreu,Y*1Z#QRkEM,gf150nseca@example.c150m,06257819377,2025-11-02,2023-11-08,38,151,+5577962443092,Rnwjqqf%Fgwjz,********ca@example.c150m,**********3092,..........,062******77,2023-**-**,2025-**-**
152,João Pedro Porto,fyM1ZrQp(&,mend151ncaravi-lucca@example.net,45613928070,2025-11-02,1921-11-07,32,152,+5502992943750,Otèt%Ujiwt%Utwyt,******************ca@example.net,**********3750,..........,456******70,1921-**-**,2025-**-**
153,Dr. Gabriel Borges,%4Yt1Hq!g4,s152uzamariane@example.c152m,17924680594,2025-11-02,1987-02-11,43,153,+5597919831776,Iw3%Lfgwnjq%Gtwljx,************ne@example.c152m,**********1776,..........,179******94,1987-**-**,2025-**-**
154,Srta. Letícia Macedo,!S^te4ofR6,ana89@example.c153m,34501872608,2025-11-02,2021-10-15,19,154,+5572958332697,Xwyf3%Qjyòhnf%Rfhjit,***89@example.c153m,**********2697,..........,345******08,2021-**-**,2025-**-**
155,Sra. Ana Carolina Camargo,Nwr2$_3A)6,c154staluara@example.154rg,48216530951,2025-11-02,1993-02-11,32,155,+5592987316997,Xwf3%Fsf%Hfwtqnsf%Hfrfwlt,**********ra@example.154rg,**********6997,..........,482******51,1993-**-**,2025-**-**
156,Ayla Cunha,#7R#bmF&QL,f155gacaenric155@example.net,24807653938,2025-11-02,2017-11-29,21,156,+5531968389958,F~qf%Hzsmf,**************55@example.net,**********9958,..........,248******38,2017-**-**,2025-**-**
157,Beatriz Pires,!9LPV6Muko,ms156uza@example.c156m,24683970104,2025-11-02,1963-08-02,26,157,+5560917671405,Gjfywn%Unwjx,******za@example.c156m,**********1405,..........,246******04,1963-**-**,2025-**-**
158,Sara Caldeira,x8P&Lep)&w,evelyn98@example.net,53492817637,2025-11-02,1945-06-13,2,158,+5530911572782,Xfwf%Hfqijnwf,******98@example.net,**********2782,..........,534******37,1945-**-**,2025-**-**
159,Isabella Cirino,Lcx4AQff_T,raulnasciment158@example.158rg,05263179812,2025-11-02,1951-07-17,13,159,+5599985831075,Nxfgjqqf%Hnwnst,**************58@example.158rg,**********1075,..........,052******12,1951-**-**,2025-**-**
160,Melissa Sá,@lpIH0%w*6,ida-cruz@example.159rg,23407568983,2025-11-02,1914-08-09,37,160,+5532965557961,Rjqnxxf%Xæ,******uz@example.159rg,**********7961,..........,234******83,1914-**-**,2025-**-**
161,Luiz Gustavo Barbosa,YBD7WFfW_z,m160reiramelissa@example.160rg,92160734543,2025-11-02,1990-03-04,9,161,+5503918812200,Qzn%Lzxyf{t%Gfwgtxf,**************sa@example.160rg,**********2200,..........,921******43,1990-**-**,2025-**-**
162,Helena Nogueira,WQihWkgl^2,tl161pes@example.c161m,07618945357,2025-11-02,1921-12-01,28,162,+5581945887461,Mjqjsf%Stlzjnwf,******es@example.c161m,**********7461,..........,076******57,1921-**-**,2025-**-**
163,Alícia Teixeira,^IW$IsFD3I,the162sales@example.162rg,41369250770,2025-11-02,1991-11-16,18,163,+55068946080397,Fqòhnf%Yjn}jnwf,*********es@example.162rg,***********0397,..........,413******70,1991-**-**,2025-**-**
164,Camila Barros,$sY2vCJX$3,agathacarvalh163@example.c163m,79218340603,2025-11-02,1919-04-26,7,164,+55082957907304,Hfrnqf%Gfwwtx,**************63@example.c163m,***********7304,..........,792******03,1919-**-**,2025-**-**
165,Yuri Porto,)7E^3EbLC*,pachec164bianca@example.c164m,20864531753,2025-11-02,1982-08-31,36,165,+5567956610604,^zwn%Utwyt,*************ca@example.c164m,**********0604,..........,208******53,1982-**-**,2025-**-**
166,Renan Moraes,+7+76Jq8l6,jmel165@example.c165m,65091374299,2025-11-02,1919-09-05,44,166,+5509993231183,Wjsfs%Rtwfjx,*****65@example.c165m,**********1183,..........,650******99,1919-**-**,2025-**-**
167,Ana Luiza da Rocha,*F_RRgDk41,camarapedr166-henrique@example.net,09163742543,2025-11-02,1920-01-25,32,167,+5545935733586,Fsf%Qznf%if%Wthmf,********************ue@example.net,**********3586,..........,091******43,1920-**-**,2025-**-**
168,Evelyn Montenegro,$lIoO@XYj5,brun167da-mata@example.c167m,76325819012,2025-11-02,1936-07-17,35,168,+5585967859335,J{jq~s%Rtsyjsjlwt,************ta@example.c167m,**********9335,..........,763******12,1936-**-**,2025-**-**
169,Fernando Novais,Z3HrSR8v^o,eduard168nunes@example.168rg,02536817407,2025-11-02,1967-12-02,5,169,+5523940824939,Kjwsfsit%St{fnx,************es@example.168rg,**********4939,..........,025******07,1967-**-**,2025-**-**
170,Stephany Nogueira,_7Nf%Htg)3,yanda-m169ta@example.169rg,17396850401,2025-11-02,1980-02-12,3,170,+5541994606508,Xyjumfs~%Stlzjnwf,**********ta@example.169rg,**********6508,..........,173******01,1980-**-**,2025-**-**
171,Maria Fernanda da Cruz,e@23Ab2nSH,ryanviana@example.net,80723146535,2025-11-02,1913-03-22,9,171,+5547930222464,Rfwnf%Kjwsfsif%if%Hwz,*******na@example.net,**********2464,..........,807******35,1913-**-**,2025-**-**
172,Aylla Cirino,^4Z6Oqb$k+,lais32@example.net,46825379119,2025-11-02,1926-11-25,11,172,+55038939273788,F~qqf%Hnwnst,****32@example.net,***********3788,..........,468******19,1926-**-**,2025-**-**
173,Davi Costela,!s#P(ih)4a,j172sue99@example.c172m,42971638022,2025-11-02,1966-07-02,14,173,+5513919085697,If{n%Htxyjqf,*******99@example.c172m,**********5697,..........,429******22,1966-**-**,2025-**-**
174,Raul Vasconcelos,)L#5^5Tk88,aparecidaanth173ny-gabriel@example.173rg,41836052960,2025-11-02,1911-06-16,49,174,+5577955589280,Wfzq%[fxhtshjqtx,************************el@example.173rg,**********9280,..........,418******60,1911-**-**,2025-**-**
175,Kaique Silva,aTFC0d&X(2,jvargas@example.c174m,14327685062,2025-11-02,2005-01-16,39,175,+5505960139917,Pfnvzj%Xnq{f,*****as@example.c174m,**********9917,..........,143******62,2005-**-**,2025-**-**
176,Vitor Albuquerque,e96jTCtD+2,pedr175-lucas30@example.175rg,78095142611,2025-11-02,1972-07-02,17,176,+5571947554807,[nytw%Fqgzvzjwvzj,*************30@example.175rg,**********4807,..........,780******11,1972-**-**,2025-**-**
177,Ana Clara Dias,L^0SHCmUh@,teixeiraz176e@example.c176m,51689340720,2025-11-02,1967-10-28,22,177,+5546994627310,Fsf%Hqfwf%Infx,***********6e@example.c176m,**********7310,..........,516******20,1967-**-**,2025-**-**
178,Sra. Luara Costela,y6W8pe(Q$z,maria-juliag177mes@example.c177m,96402815306,2025-11-02,1997-12-19,8,178,+5541976899475,Xwf3%Qzfwf%Htxyjqf,****************es@example.c177m,**********9475,..........,964******06,1997-**-**,2025-**-**
179,Arthur Miguel Sales,%7DYLjaGg7,henry-gabriel03@example.c178m,53049876247,2025-11-02,1923-03-05,16,179,+55039979857146,Fwymzw%Rnlzjq%Xfqjx,*************03@example.c178m,***********7146,..........,530******47,1923-**-**,2025-**-**
180,Maitê da Cruz,+2lspLz6Wr,179aparecida@example.179rg,83560917212,2025-11-02,1946-12-02,50,180,+5586936586327,Rfnyï%if%Hwz,**********da@example.179rg,**********6327,..........,835******12,1946-**-**,2025-**-**
181,Raquel Novaes,g&i4pTNe+e,ana-julia16@example.c180m,89532104704,2025-11-02,1955-07-15,32,181,+5573926739181,Wfvzjq%St{fjx,*********16@example.c180m,**********9181,..........,895******04,1955-**-**,2025-**-**
182,Sra. Laura Silveira,7#7eCFFzPz,isabellygarcia@example.net,60423915770,2025-11-02,1988-03-24,38,182,+5583904165068,Xwf3%Qfzwf%Xnq{jnwf,************ia@example.net,**********5068,..........,604******70,1988-**-**,2025-**-**
183,Bianca Cardoso,dNo+TsK5#7,das-nevesbenici182@example.182rg,73650429152,2025-11-02,2002-08-28,50,183,+5580961578080,Gnfshf%Hfwitxt,****************82@example.182rg,**********8080,..........,736******52,2002-**-**,2025-**-**
184,Ísis Machado,su#Z8Kt$Yv,cunhacamila@example.c183m,62785104307,2025-11-02,1954-07-27,21,184,+5525912161264,Òxnx%Rfhmfit,*********la@example.c183m,**********1264,..........,627******07,1954-**-**,2025-**-**
185,Luiz Felipe da Rosa,^1qCH&#ooU,alvesnic184las@example.184rg,12856034780,2025-11-02,2004-06-04,27,185,+55088956390747,Qzn%Kjqnuj%if%Wtxf,************as@example.184rg,***********0747,..........,128******80,2004-**-**,2025-**-**
186,Maria Fernanda da Paz,s+1OaA*$Q0,isabelaparecida@example.c185m,28716053435,2025-11-02,2025-04-19,25,186,+5598955338146,Rfwnf%Kjwsfsif%if%Uf,*************da@example.c185m,**********8146,..........,287******35,2025-**-**,2025-**-**
187,Sra. Heloísa Cirino,LxZi@7Bm2I,malves@example.net,25974106334,2025-11-02,1996-05-09,10,187,+55086967695757,Xwf3%Mjqtòxf%Hnwnst,****es@example.net,***********5757,..........,259******34,1996-**-**,2025-**-**
188,Dr. Matteo Alves,)A2OlH9O$Z,bruna98@example.c187m,98260471558,2025-11-02,2007-10-19,22,188,+5589955954451,Iw3%Rfyyjt%Fq{jx,*****98@example.c187m,**********4451,..........,982******58,2007-**-**,2025-**-**
189,Rafaela Ferreira,)nW^p@(*0u,el188abarr188s@example.c188m,81304567290,2025-11-02,1914-12-15,40,189,+5578985470908,Wfkfjqf%Kjwwjnwf,************8s@example.c188m,**********0908,..........,813******90,1914-**-**,2025-**-**
190,Marina Rios,8)8DovPxVS,raul72@example.c189m,13605289460,2025-11-02,1986-01-22,25,190,+5528976569147,Rfwnsf%Wntx,****72@example.c189m,**********9147,..........,136******60,1986-**-**,2025-**-**
191,Srta. Maitê Montenegro,^sopPkwH7w,martinspedr190-lucas@example.c190m,73069425810,2025-11-02,1951-11-04,37,191,+5561956154946,Xwyf3%Rfnyï%Rtsyjsjlwt,******************as@example.c190m,**********4946,..........,730******10,1951-**-**,2025-**-**
192,Arthur Miguel Nogueira,__4Kr8#n5_,brendas191usa@example.net,10978426576,2025-11-02,1980-11-05,15,192,+5598975216169,Fwymzw%Rnlzjq%Stlzjnwf,***********sa@example.net,**********6169,..........,109******76,1980-**-**,2025-**-**
193,Pedro Henrique Cunha,Av3Vy39r*l,mg192mes@example.net,97234681078,2025-11-02,1983-07-27,6,193,+5584915143502,Ujiwt%Mjswnvzj%Hzsmf,******es@example.net,**********3502,..........,972******78,1983-**-**,2025-**-**
194,Noah Câmara,e6TyALoJ*%,benici19398@example.c193m,48952170350,2025-11-02,1940-01-17,24,194,+5590927165664,Stfm%Hçrfwf,*********98@example.c193m,**********5664,..........,489******50,1940-**-**,2025-**-**
195,Dr. Alexandre Almeida,@P4L)K1oab,ant194ny89@example.net,89417203622,2025-11-02,1917-07-25,37,195,+5504912851928,Iw3%Fqj}fsiwj%Fqrjnif,********89@example.net,**********1928,..........,894******22,1917-**-**,2025-**-**
196,Brenda Sampaio,qE9GF4Bz&W,cavalcantiana-s195phia@example.net,83269541015,2025-11-02,1965-06-05,8,196,+5545997458337,Gwjsif%Xfrufnt,********************ia@example.net,**********8337,..........,832******15,1965-**-**,2025-**-**
197,Alexandre Fernandes,+1ZuW&Ho0V,lpast196r@example.net,42538106915,2025-11-02,1915-09-16,18,197,+5587982256997,Fqj}fsiwj%Kjwsfsijx,*******6r@example.net,**********6997,..........,425******15,1915-**-**,2025-**-**
198,Clara Camargo,+Iu!5LdYrO,im197nteir197@example.c197m,03461728969,2025-11-02,1944-12-19,3,198,+5508918683464,Hqfwf%Hfrfwlt,***********97@example.c197m,**********3464,..........,034******69,1944-**-**,2025-**-**
199,Ana Liz Moura,H0ChYw4u(+,levi41@example.c198m,21059684730,2025-11-02,1970-07-08,1,199,+5534957074675,Fsf%Qn%Rtzwf,****41@example.c198m,**********4675,..........,210******30,1970-**-**,2025-**-**
200,Nathan Monteiro,&(3FyaNu&Y,s199fia44@example.c199m,53480697283,2025-11-02,1932-05-18,43,200,+55058904694396,Sfymfs%Rtsyjnwt,*******44@example.c199m,***********4396,..........,534******83,1932-**-**,2025-**-**
201,Luiz Otávio Nascimento,+ssBH!zJm0,juliana13@example.200rg,72380196559,2025-11-02,1976-10-05,6,201,+5546956700463,Qzn%Tyæ{nt%Sfxhnrjsyt,*******13@example.200rg,**********0463,..........,723******59,1976-**-**,2025-**-**
202,Rafael da Luz,+AE%Lc__@5,machad201isis@example.net,62574039106,2025-11-02,2006-06-13,8,202,+5546921601750,Wfkfjq%if%Qz,***********is@example.net,**********1750,..........,625******06,2006-**-**,2025-**-**
203,Srta. Rafaela Abreu,)3TWghi&5S,gabrielag202mes@example.net,43102756808,2025-11-02,1976-03-26,3,203,+55052936228984,Xwyf3%Wfkfjqf%Fgwjz,*************es@example.net,***********8984,..........,431******08,1976-**-**,2025-**-**
204,Lorenzo Cavalcante,StG5gF4x#^,hpires@example.203rg,54968732155,2025-11-02,2009-11-01,16,204,+5537984903431,Qtwjst%Hf{fqhfsyj,****es@example.203rg,**********3431,..........,549******55,2009-**-**,2025-**-**
205,Aurora Almeida,!6hDloq&Co,luiz-henriquef204nseca@example.204rg,58463927173,2025-11-02,1929-07-02,38,205,+5534990834714,Fzwtwf%Fqrjnif,********************ca@example.204rg,**********4714,..........,584******73,1929-**-**,2025-**-**
206,Dr. Brayan Guerra,K^z4bXoG*),camaralucas-gabriel@example.205rg,64319027850,2025-11-02,2003-09-20,11,206,+55003919028321,Iw3%Gwf~fs%Lzjwwf,*****************el@example.205rg,***********8321,..........,643******50,2003-**-**,2025-**-**
207,Matteo da Cruz,p!3#WElmkS,ana-car206linaaraga206@example.206rg,27536041853,2025-11-02,2017-02-22,29,207,+5549903609128,Rfyyjt%if%Hwz,********************06@example.206rg,**********9128,..........,275******53,2017-**-**,2025-**-**
208,Dr. Davi Lucca Câmara,k$U4QiEl+n,mateus95@example.net,86097523130,2025-11-02,1945-11-24,44,208,+5546953049356,Iw3%If{n%Qzhhf%Hçrfwf,******95@example.net,**********9356,..........,860******30,1945-**-**,2025-**-**
209,José Rodrigues,$wMTahaa3D,catarinas208usa@example.208rg,62431809722,2025-11-02,1948-04-22,11,209,+55095935111146,Otxî%Wtiwnlzjx,*************sa@example.208rg,***********1146,..........,624******22,1948-**-**,2025-**-**
210,Sr. Apollo Pacheco,C$PEI6D+$v,gabrielam209ntenegr209@example.209rg,42109835605,2025-11-02,1955-05-11,7,210,+5510947956859,Xw3%Futqqt%Ufhmjht,********************09@example.209rg,**********6859,..........,421******05,1955-**-**,2025-**-**
211,Srta. Maria Luísa Novaes,j7zLAOja$P,c210stelaenz210-gabriel@example.210rg,91635742099,2025-11-02,1930-04-26,25,211,+5509932088243,Xwyf3%Rfwnf%Qzòxf%St{fjx,*********************el@example.210rg,**********8243,..........,916******99,1930-**-**,2025-**-**
212,Dra. Luiza Lima,6cSSLh8c#9,vargasbryan@example.211rg,08194275601,2025-11-02,1974-01-11,35,212,+5507926234300,Iwf3%Qznf%Qnrf,*********an@example.211rg,**********4300,..........,081******01,1974-**-**,2025-**-**
213,Sr. Luan Alves,$B89WYBaYr,luiz-miguel49@example.c212m,92857046383,2025-11-02,1974-02-25,36,213,+5524906716695,Xw3%Qzfs%Fq{jx,***********49@example.c212m,**********6695,..........,928******83,1974-**-**,2025-**-**
214,Theodoro Ramos,0)Bi2UaViE,casa-grandehelena@example.213rg,43790651893,2025-11-02,1933-11-03,46,214,+5566910259961,Ymjtitwt%Wfrtx,***************na@example.213rg,**********9961,..........,437******93,1933-**-**,2025-**-**
215,Augusto Duarte,OPdHbAz6(3,hg214mes@example.c214m,46582713973,2025-11-02,1950-12-24,21,215,+55039930542950,Fzlzxyt%Izfwyj,******es@example.c214m,***********2950,..........,465******73,1950-**-**,2025-**-**
216,Sr. Calebe Vargas,d2X@jpvl)P,rafael14@example.215rg,78352640992,2025-11-02,1914-09-25,14,216,+5596961926219,Xw3%Hfqjgj%[fwlfx,******14@example.215rg,**********6219,..........,783******92,1914-**-**,2025-**-**
217,Henry Aparecida,^OGDqP#&v0,c216staj216a216-guilherme@example.216rg,25673018959,2025-11-02,1961-06-08,21,217,+5585992647667,Mjsw~%Fufwjhnif,***********************me@example.216rg,**********7667,..........,256******59,1961-**-**,2025-**-**
218,Srta. Maria Isis Rocha,+0mECrZUCf,hsant217s@example.217rg,28407695149,2025-11-02,2006-05-26,2,218,+5540964841713,Xwyf3%Rfwnf%Nxnx%Wthmf,*******7s@example.217rg,**********1713,..........,284******49,2006-**-**,2025-**-**
219,Isaque Camargo,(I^f2Exo+Q,tpimenta@example.net,71385609400,2025-11-02,2017-07-05,19,219,+5563929438981,Nxfvzj%Hfrfwlt,******ta@example.net,**********8981,..........,713******00,2017-**-**,2025-**-**
220,Vinicius Rocha,$9^$EI$a(T,gfarias@example.c219m,73265890112,2025-11-02,1939-05-19,39,220,+5513914540548,[nsnhnzx%Wthmf,*****as@example.c219m,**********0548,..........,732******12,1939-**-**,2025-**-**
221,Giovanna Novaes,^XX87JarJZ,barauj220@example.c220m,06298413570,2025-11-02,1969-08-15,29,221,+5581999113833,Lnt{fssf%St{fjx,*******20@example.c220m,**********3833,..........,062******70,1969-**-**,2025-**-**
222,Kamilly da Conceição,@A%VNCQb2_,sf221nseca@example.net,26591708359,2025-11-02,2021-07-08,21,222,+5571992289143,Pfrnqq~%if%Htshjnìèt,********ca@example.net,**********9143,..........,265******59,2021-**-**,2025-**-**
223,Gabrielly Cirino,L73QeD#a&D,lda-cruz@example.net,85310964215,2025-11-02,1975-05-28,5,223,+5547932502709,Lfgwnjqq~%Hnwnst,******uz@example.net,**********2709,..........,853******15,1975-**-**,2025-**-**
224,Luísa Cavalcante,B%9P#ld6)),luanapint223@example.net,69253481005,2025-11-02,1925-02-09,21,224,+5520914889601,Qzòxf%Hf{fqhfsyj,**********23@example.net,**********9601,..........,692******05,1925-**-**,2025-**-**
225,Arthur Gabriel Pinto,^9kQ5OBkN7,nalbuquerque@example.c224m,52647190399,2025-11-02,2011-12-18,30,225,+5533984817113,Fwymzw%Lfgwnjq%Unsyt,**********ue@example.c224m,**********7113,..........,526******99,2011-**-**,2025-**-**
226,Luiz Otávio da Rocha,_wG@i^nc*0,cecilia93@example.225rg,07924316507,2025-11-02,1924-02-02,17,226,+5552970904185,Qzn%Tyæ{nt%if%Wthmf,*******93@example.225rg,**********4185,..........,079******07,1924-**-**,2025-**-**
227,Heitor Nunes,$9GB$)Mvv8,ana-ceciliabrit226@example.226rg,52761048326,2025-11-02,2023-03-28,40,227,+5517938462894,Mjnytw%Szsjx,****************26@example.226rg,**********2894,..........,527******26,2023-**-**,2025-**-**
228,Arthur Gabriel Cavalcante,v3FVYK0b!u,andre65@example.227rg,93285046783,2025-11-02,1974-12-02,35,228,+5582962928480,Fwymzw%Lfgwnjq%Hf{fqhfsyj,*****65@example.227rg,**********8480,..........,932******83,1974-**-**,2025-**-**
229,João Felipe Sampaio,8#R5ZPjc3d,bren228m228ura@example.228rg,76320458135,2025-11-02,2024-04-18,31,229,+5525998239892,Otèt%Kjqnuj%Xfrufnt,************ra@example.228rg,**********9892,..........,763******35,2024-**-**,2025-**-**
230,José Pedro Mendonça,!rE@Fnv!Q5,august229jesus@example.229rg,26913748582,2025-11-02,1969-04-12,23,230,+5552957728768,Otxî%Ujiwt%Rjsitsìf,************us@example.229rg,**********8768,..........,269******82,1969-**-**,2025-**-**
231,Augusto das Neves,&L9CoFYRn+,xda-r230cha@example.net,79804152649,2025-11-02,1939-02-24,12,231,+5585941466085,Fzlzxyt%ifx%Sj{jx,*********ha@example.net,**********6085,..........,798******49,1939-**-**,2025-**-**
232,Maya Albuquerque,8eYD$jp&_D,da-m231taasafe@example.net,94827650365,2025-11-02,1926-05-07,14,232,+5592995046521,Rf~f%Fqgzvzjwvzj,************fe@example.net,**********6521,..........,948******65,1926-**-**,2025-**-**
233,Sophie Siqueira,@7WBoeMWlN,232liverpires@example.c232m,27039615886,2025-11-02,1937-02-07,13,233,+5570944314372,Xtumnj%Xnvzjnwf,***********es@example.c232m,**********4372,..........,270******86,1937-**-**,2025-**-**
234,Dra. Maria Vitória Castro,qQA4RVDk%k,r233driguesl233rena@example.net,18759032677,2025-11-02,1914-07-03,24,234,+55070968997978,Iwf3%Rfwnf%[nyøwnf%Hfxywt,*****************na@example.net,***********7978,..........,187******77,1914-**-**,2025-**-**
235,Rebeca Moreira,!2zKik(dOr,marianefreitas@example.234rg,36408197213,2025-11-02,1968-02-18,18,235,+5598927606492,Wjgjhf%Rtwjnwf,************as@example.234rg,**********6492,..........,364******13,1968-**-**,2025-**-**
236,Diego Fernandes,BJ38O&Vj@t,pedr235-lucasalmeida@example.235rg,14592378628,2025-11-02,1949-02-01,49,236,+5519998550275,Injlt%Kjwsfsijx,******************da@example.235rg,**********0275,..........,145******28,1949-**-**,2025-**-**
237,Francisco Farias,1mEDuq@I+l,ana-lizda-c236sta@example.net,45081923605,2025-11-02,1911-04-02,6,237,+5570903127363,Kwfshnxht%Kfwnfx,***************ta@example.net,**********7363,..........,450******05,1911-**-**,2025-**-**
238,Dr. Nicolas Montenegro,$2PTEnf04v,laisguerra@example.net,12604598370,2025-11-02,1980-04-03,37,238,+5555934484032,Iw3%Snhtqfx%Rtsyjsjlwt,********ra@example.net,**********4032,..........,126******70,1980-**-**,2025-**-**
239,Bento Montenegro,76#@CRp&&r,danil23800@example.net,84350617957,2025-11-02,1997-03-05,22,239,+5502977507816,Gjsyt%Rtsyjsjlwt,********00@example.net,**********7816,..........,843******57,1997-**-**,2025-**-**
240,Sophia Rocha,)4fJ&S#zLg,vit239r-hug239s239usa@example.239rg,82750463947,2025-11-02,2019-01-26,25,240,+55004995727660,Xtumnf%Wthmf,*******************sa@example.239rg,***********7660,..........,827******47,2019-**-**,2025-**-**
241,Julia Barbosa,HI3Lu8Wsy!,aparecidaj240a240-guilherme@example.240rg,26805371490,2025-11-02,2012-11-30,3,241,+5565992330390,Ozqnf%Gfwgtxf,*************************me@example.240rg,**********0390,..........,268******90,2012-**-**,2025-**-**
242,Léo Campos,&xRcJIfOH9,limapietra@example.c241m,89462173591,2025-11-02,1917-04-30,12,242,+5591956807850,Qît%Hfrutx,********ra@example.c241m,**********7850,..........,894******91,1917-**-**,2025-**-**
243,Maria Guerra,++l0%7Zs+z,the24259@example.242rg,05976283438,2025-11-02,2015-09-09,38,243,+5523990019094,Rfwnf%Lzjwwf,******59@example.242rg,**********9094,..........,059******38,2015-**-**,2025-**-**
244,Srta. Jade Fonseca,qv6_)WD9**,um243ntenegr243@example.net,89635107439,2025-11-02,1985-07-18,16,244,+5512910631774,Xwyf3%Ofij%Ktsxjhf,*************43@example.net,**********1774,..........,896******39,1985-**-**,2025-**-**
245,Sra. Stella Almeida,&Wd7PW^ee8,henry40@example.244rg,53081496233,2025-11-02,2024-02-16,7,245,+5527900179243,Xwf3%Xyjqqf%Fqrjnif,*****40@example.244rg,**********9243,..........,530******33,2024-**-**,2025-**-**
246,Maria Luísa Machado,(do01*Xf@W,l245liveira@example.net,05692134870,2025-11-02,1973-05-02,40,246,+5543926145316,Rfwnf%Qzòxf%Rfhmfit,*********ra@example.net,**********5316,..........,056******70,1973-**-**,2025-**-**
247,Maria Clara Cavalcante,$v94yDXb%F,enz24619@example.c246m,92164803515,2025-11-02,1964-03-07,39,247,+5556917041681,Rfwnf%Hqfwf%Hf{fqhfsyj,******19@example.c246m,**********1681,..........,921******15,1964-**-**,2025-**-**
248,João Miguel Pires,FV7*0Sc10$,caleb54@example.247rg,40917386566,2025-11-02,1938-06-01,16,248,+55095932051869,Otèt%Rnlzjq%Unwjx,*****54@example.247rg,***********1869,..........,409******66,1938-**-**,2025-**-**
249,Francisco Correia,(R9UmbK&2g,wvieira@example.net,82395074683,2025-11-02,2010-02-19,2,249,+5551949919285,Kwfshnxht%Htwwjnf,*****ra@example.net,**********9285,..........,823******83,2010-**-**,2025-**-**
250,Heloísa Oliveira,^K7A_qx(%J,j249a249-felipe19@example.249rg,36982705102,2025-11-02,1926-03-10,16,250,+5502919038301,Mjqtòxf%Tqn{jnwf,***************19@example.249rg,**********8301,..........,369******02,1926-**-**,2025-**-**
251,Sra. Maria Luísa Lima,%CKIHbjaj8,anth250ny-gabrielaparecida@example.net,17534260906,2025-11-02,1939-05-25,5,251,+5532982802752,Xwf3%Rfwnf%Qzòxf%Qnrf,************************da@example.net,**********2752,..........,175******06,1939-**-**,2025-**-**
252,Milena Monteiro,$0lGI9mc4x,raquel29@example.251rg,68354791084,2025-11-02,1927-06-26,36,252,+5565941752392,Rnqjsf%Rtsyjnwt,******29@example.251rg,**********2392,..........,683******84,1927-**-**,2025-**-**
253,Pietro Vargas,3Ka)c8ixo$,jadepeix252t252@example.252rg,37452609107,2025-11-02,1934-06-28,47,253,+5523912175072,Unjywt%[fwlfx,*************52@example.252rg,**********5072,..........,374******07,1934-**-**,2025-**-**
254,João Lucas Andrade,SX$df2Vg+f,thalesda-r253cha@example.net,84725930105,2025-11-02,1939-07-22,2,254,+5555999590380,Otèt%Qzhfx%Fsiwfij,**************ha@example.net,**********0380,..........,847******05,1939-**-**,2025-**-**
255,Sophie Dias,_kkf#0Fj^v,benjamincard254s254@example.c254m,19654873001,2025-11-02,1938-02-26,1,255,+5573965056271,Xtumnj%Infx,*****************54@example.c254m,**********6271,..........,196******01,1938-**-**,2025-**-**
256,Esther Pinto,xJ&gWpvw)6,alexiada-cruz@example.c255m,51370246943,2025-11-02,1979-11-01,49,256,+5542901575900,Jxymjw%Unsyt,***********uz@example.c255m,**********5900,..........,513******43,1979-**-**,2025-**-**
257,Ana Vitória Sampaio,b3St7UPW%5,card256s256alexandre@example.net,96785203465,2025-11-02,1982-07-23,23,257,+55095925947566,Fsf%[nyøwnf%Xfrufnt,******************re@example.net,***********7566,..........,967******65,1982-**-**,2025-**-**
258,Hellena Ferreira,)#3SFl2HSx,j257a25726@example.257rg,39152078612,2025-11-02,1924-11-19,31,258,+5575904806691,Mjqqjsf%Kjwwjnwf,********26@example.257rg,**********6691,..........,391******12,1924-**-**,2025-**-**
259,Kamilly Garcia,Lo82YDlG$5,us258usa@example.net,29547068300,2025-11-02,1963-04-29,7,259,+55039953238421,Pfrnqq~%Lfwhnf,******sa@example.net,***********8421,..........,295******00,1963-**-**,2025-**-**
260,Benício da Mata,l#54FpMn&3,almeidathales@example.c259m,96217403552,2025-11-02,1991-12-07,50,260,+5536923567155,Gjsòhnt%if%Rfyf,***********es@example.c259m,**********7155,..........,962******52,1991-**-**,2025-**-**
261,Dr. Ian Correia,eG#0Ljkm#J,marc260s-vinicius70@example.net,45816970267,2025-11-02,1989-03-24,21,261,+5505905615744,Iw3%Nfs%Htwwjnf,*****************70@example.net,**********5744,..........,458******67,1989-**-**,2025-**-**
262,Davi Lucas Sampaio,#wy99Ec^tz,s261usacalebe@example.c261m,23816405924,2025-11-02,1986-08-07,33,262,+5520922068930,If{n%Qzhfx%Xfrufnt,***********be@example.c261m,**********8930,..........,238******24,1986-**-**,2025-**-**
263,Cauã Marques,lR7HXgrx#S,isisda-r262sa@example.net,84160372996,2025-11-02,1964-09-19,12,263,+5530985405349,Hfzè%Rfwvzjx,***********sa@example.net,**********5349,..........,841******96,1964-**-**,2025-**-**
264,Dr. Matteo Rodrigues,i4KJuoh#&I,samuels263usa@example.net,80746952120,2025-11-02,1958-11-30,50,264,+5537905878824,Iw3%Rfyyjt%Wtiwnlzjx,***********sa@example.net,**********8824,..........,807******20,1958-**-**,2025-**-**
265,Sr. Calebe Novais,&BXXDtqzw9,caldeiraisaac@example.net,31705684939,2025-11-02,1915-10-02,10,265,+5580990699632,Xw3%Hfqjgj%St{fnx,***********ac@example.net,**********9632,..........,317******39,1915-**-**,2025-**-**
266,Sofia Barros,04+VZ4zD_d,yb265rges@example.265rg,80674315901,2025-11-02,1939-01-07,20,266,+5598900095485,Xtknf%Gfwwtx,*******es@example.265rg,**********5485,..........,806******01,1939-**-**,2025-**-**
267,Francisco Vargas,)Vk6Bgdnn7,wm266ura@example.net,35208461790,2025-11-02,1912-11-17,46,267,+55099903341888,Kwfshnxht%[fwlfx,******ra@example.net,***********1888,..........,352******90,1912-**-**,2025-**-**
268,Rafael Guerra,5RlqMG0u^0,fariasvinicius@example.c267m,05743621934,2025-11-02,1925-01-06,39,268,+55061902929481,Wfkfjq%Lzjwwf,************us@example.c267m,***********9481,..........,057******34,1925-**-**,2025-**-**
269,Dr. João Dias,8OB^o8!8_S,melinasilva@example.268rg,38061295768,2025-11-02,1918-11-26,9,269,+5565998633252,Iw3%Otèt%Infx,*********va@example.268rg,**********3252,..........,380******68,1918-**-**,2025-**-**
270,Sophie Guerra,((faLMgb2T,qc269stela@example.net,90432518797,2025-11-02,1983-05-15,10,270,+5534905405991,Xtumnj%Lzjwwf,********la@example.net,**********5991,..........,904******97,1983-**-**,2025-**-**
271,João Gabriel Machado,P^0KokJqrD,vit270r-gabriel12@example.net,16453208717,2025-11-02,1911-06-03,47,271,+5563968408539,Otèt%Lfgwnjq%Rfhmfit,***************12@example.net,**********8539,..........,164******17,1911-**-**,2025-**-**
272,Bryan Lima,(4TtCU9azz,enunes@example.c271m,29608157420,2025-11-02,1917-06-13,50,272,+55060982408069,Gw~fs%Qnrf,****es@example.c271m,***********8069,..........,296******20,1917-**-**,2025-**-**
273,Benicio Fernandes,#my80BkN@@,marianen272vais@example.net,17532094634,2025-11-02,1979-09-26,40,273,+55036906157976,Gjsnhnt%Kjwsfsijx,*************is@example.net,***********7976,..........,175******34,1979-**-**,2025-**-**
274,Sr. Davi Miguel Cassiano,t6bHcQ)p@0,vit273riaabreu@example.273rg,46752903883,2025-11-02,1985-02-06,44,274,+5520951436165,Xw3%If{n%Rnlzjq%Hfxxnfst,************eu@example.273rg,**********6165,..........,467******83,1985-**-**,2025-**-**
275,Gabrielly Pacheco,ob2e7THht*,j274a274-pedr274274liveira@example.net,97240381650,2025-11-02,1920-09-10,48,275,+5557937746409,Lfgwnjqq~%Ufhmjht,************************ra@example.net,**********6409,..........,972******50,1920-**-**,2025-**-**
276,Pedro Miguel Almeida,#oy5eIDkcg,camarg275larissa@example.275rg,70652938159,2025-11-02,2020-12-06,14,276,+5581927404501,Ujiwt%Rnlzjq%Fqrjnif,**************sa@example.275rg,**********4501,..........,706******59,2020-**-**,2025-**-**
277,Bruno Alves,*4M*6p6!sE,j276aquim61@example.c276m,47269851328,2025-11-02,1946-05-14,20,277,+55022959739843,Gwzst%Fq{jx,*********61@example.c276m,***********9843,..........,472******28,1946-**-**,2025-**-**
278,Juan Mendonça,1*H0zDVrak,xmartins@example.c277m,53724986173,2025-11-02,1947-01-15,35,278,+5584952015660,Ozfs%Rjsitsìf,******ns@example.c277m,**********5660,..........,537******73,1947-**-**,2025-**-**
279,Sr. Mathias Santos,+XO@jZ$6b2,zferreira@example.net,63279180503,2025-11-02,1962-07-29,4,279,+5553911091995,Xw3%Rfymnfx%Xfsytx,*******ra@example.net,**********1995,..........,632******03,1962-**-**,2025-**-**
280,Aurora da Luz,+a5rK^Za9Z,gabriel79@example.net,51924670801,2025-11-02,1954-08-18,43,280,+5598914907228,Fzwtwf%if%Qz,*******79@example.net,**********7228,..........,519******01,1954-**-**,2025-**-**
281,João Gabriel da Cruz,$JL48COciC,smel280@example.net,40738592188,2025-11-02,2005-03-04,17,281,+5581911961300,Otèt%Lfgwnjq%if%Hwz,*****80@example.net,**********1300,..........,407******88,2005-**-**,2025-**-**
282,Maria Luísa Martins,dB3YdKem_q,gabrielcunha@example.c281m,62317458991,2025-11-02,1938-08-29,5,282,+5508997560248,Rfwnf%Qzòxf%Rfwynsx,**********ha@example.c281m,**********0248,..........,623******91,1938-**-**,2025-**-**
283,José Pedro Andrade,E!39)vNyt),the282albuquerque@example.c282m,53814690206,2025-11-02,2022-07-23,29,283,+5512952004361,Otxî%Ujiwt%Fsiwfij,***************ue@example.c282m,**********4361,..........,538******06,2022-**-**,2025-**-**
284,Caroline Fernandes,khuUBR!#^4,vieiraclarice@example.net,19487035214,2025-11-02,1943-07-04,28,284,+5521988619578,Hfwtqnsj%Kjwsfsijx,***********ce@example.net,**********9578,..........,194******14,1943-**-**,2025-**-**
285,Ana Luiza Moreira,!vX5VX2m93,lunna94@example.284rg,08524973692,2025-11-02,1934-08-10,17,285,+5590987125234,Fsf%Qznf%Rtwjnwf,*****94@example.284rg,**********5234,..........,085******92,1934-**-**,2025-**-**
286,Arthur Gabriel Silva,26*I4Drw)d,asafeda-r285cha@example.285rg,03147865975,2025-11-02,1912-07-09,29,286,+5562943945927,Fwymzw%Lfgwnjq%Xnq{f,*************ha@example.285rg,**********5927,..........,031******75,1912-**-**,2025-**-**
287,Isabelly Aparecida,ZkgO$4CwAU,le286nard28646@example.c286m,98420167576,2025-11-02,1975-02-28,30,287,+5577938218424,Nxfgjqq~%Fufwjhnif,************46@example.c286m,**********8424,..........,984******76,1975-**-**,2025-**-**
288,Ana Júlia Costa,zfiB7B81A_,zvasc287ncel287s@example.net,14763895273,2025-11-02,1970-11-26,26,288,+5560999066383,Fsf%Oÿqnf%Htxyf,**************7s@example.net,**********6383,..........,147******73,1970-**-**,2025-**-**
289,Caroline Cavalcante,wfQfulEM*9,ana-clara63@example.288rg,13974506810,2025-11-02,1949-09-13,11,289,+5591900719569,Hfwtqnsj%Hf{fqhfsyj,*********63@example.288rg,**********9569,..........,139******10,1949-**-**,2025-**-**
290,Vitória Barros,(i1uQNqV&B,fernandesalexandre@example.c289m,17608594357,2025-11-02,2009-02-27,32,290,+5522949190302,[nyøwnf%Gfwwtx,****************re@example.c289m,**********0302,..........,176******57,2009-**-**,2025-**-**
291,Sra. Marcela Marques,C*1Eob!eFm,ana-luiza30@example.net,17428569346,2025-11-02,1941-04-16,42,291,+5567997505209,Xwf3%Rfwhjqf%Rfwvzjx,*********30@example.net,**********5209,..........,174******46,1941-**-**,2025-**-**
292,Maria Fernanda Marques,b*7p$_BpN$,camarg291caleb@example.net,16394852015,2025-11-02,1968-06-15,37,292,+55060992850088,Rfwnf%Kjwsfsif%Rfwvzjx,************eb@example.net,***********0088,..........,163******15,1968-**-**,2025-**-**
293,Nicolas Campos,)o6G9PfFr%,emanuella25@example.net,23846950700,2025-11-02,1939-10-07,4,293,+5529947211735,Snhtqfx%Hfrutx,*********25@example.net,**********1735,..........,238******00,1939-**-**,2025-**-**
294,Yago da Conceição,@@KR7Ak9!d,j293a293-vit293r82@example.c293m,52783649047,2025-11-02,1964-06-04,23,294,+5599932688777,^flt%if%Htshjnìèt,****************82@example.c293m,**********8777,..........,527******47,1964-**-**,2025-**-**
295,Emanuelly Oliveira,@003yDez&b,rezendeleandr294@example.294rg,92576481094,2025-11-02,1960-11-15,9,295,+5508928972240,Jrfszjqq~%Tqn{jnwf,**************94@example.294rg,**********2240,..........,925******94,1960-**-**,2025-**-**
296,Srta. Daniela Correia,5ETBkt7V@V,liviadias@example.c295m,49258613791,2025-11-02,1967-05-06,9,296,+5507928166884,Xwyf3%Ifsnjqf%Htwwjnf,*******as@example.c295m,**********6884,..........,492******91,1967-**-**,2025-**-**
297,Murilo Lima,!3ArsqHa2D,vinicius47@example.296rg,59614820730,2025-11-02,1991-07-07,17,297,+55008944497899,Rzwnqt%Qnrf,********47@example.296rg,***********7899,..........,596******30,1991-**-**,2025-**-**
298,Sr. João Felipe Barbosa,Zz5iO@_s@+,balbuquerque@example.net,53812647982,2025-11-02,1976-06-28,26,298,+5582954002139,Xw3%Otèt%Kjqnuj%Gfwgtxf,**********ue@example.net,**********2139,..........,538******82,1976-**-**,2025-**-**
299,Sra. Kamilly Fernandes,*_hCWItf4C,melissa40@example.c298m,74023958638,2025-11-02,1984-03-25,26,299,+5575994153457,Xwf3%Pfrnqq~%Kjwsfsijx,*******40@example.c298m,**********3457,..........,740******38,1984-**-**,2025-**-**
300,Jade Fonseca,)2L5j4Q*9l,le299n299vais@example.net,49517208332,2025-11-02,2016-04-05,40,300,+5528950992263,Ofij%Ktsxjhf,***********is@example.net,**********2263,..........,495******32,2016-**-**,2025-**-**
301,Danilo da Rocha,_4FKcP3B4t,vargaskaique@example.c300m,80495761320,2025-11-02,2025-06-01,15,301,+5587967721116,Ifsnqt%if%Wthmf,**********ue@example.c300m,**********1116,..........,804******20,2025-**-**,2025-**-**
302,Isabelly Cardoso,O2N%7Sj5Y+,rebecapires@example.net,84359106289,2025-11-02,1955-06-15,1,302,+55064983878330,Nxfgjqq~%Hfwitxt,*********es@example.net,***********8330,..........,843******89,1955-**-**,2025-**-**
303,Ravi Sampaio,E83gQ*6p^Z,nathansales@example.302rg,73480962556,2025-11-02,1984-07-31,34,303,+55019978193659,Wf{n%Xfrufnt,*********es@example.302rg,***********3659,..........,734******56,1984-**-**,2025-**-**
304,Dr. Théo Moraes,*75VEltr7e,maria-laura63@example.303rg,68134509215,2025-11-02,1977-08-19,33,304,+5519908057923,Iw3%Ymît%Rtwfjx,***********63@example.303rg,**********7923,..........,681******15,1977-**-**,2025-**-**
305,Lorena Fernandes,)qswE5OpuX,r304driguescaleb@example.net,97350168268,2025-11-02,1946-04-25,29,305,+55005978501336,Qtwjsf%Kjwsfsijx,**************eb@example.net,***********1336,..........,973******68,1946-**-**,2025-**-**
306,Cecilia Rodrigues,H%$3Hk%eJ+,salesisabela@example.305rg,02617894576,2025-11-02,2014-11-09,41,306,+5537914033925,Hjhnqnf%Wtiwnlzjx,**********la@example.305rg,**********3925,..........,026******76,2014-**-**,2025-**-**
307,Sabrina Dias,$93uDwIc&%,da-m306taeduarda@example.net,45072691306,2025-11-02,1940-12-22,15,307,+5532913142942,Xfgwnsf%Infx,**************da@example.net,**********2942,..........,450******06,1940-**-**,2025-**-**
308,Maria Julia da Rocha,0N(iNtXj%q,icard307s307@example.307rg,89164720594,2025-11-02,1992-01-23,21,308,+5555946809845,Rfwnf%Ozqnf%if%Wthmf,**********07@example.307rg,**********9845,..........,891******94,1992-**-**,2025-**-**
309,Davi Lucas Ramos,(!7X)t#7n4,uviana@example.c308m,87069145357,2025-11-02,1996-09-17,44,309,+5554972051238,If{n%Qzhfx%Wfrtx,****na@example.c308m,**********1238,..........,870******57,1996-**-**,2025-**-**
310,Sra. Jade Pacheco,fQC8tyPo8&,marinamartins@example.net,64731852919,2025-11-02,1955-09-26,15,310,+5580915067417,Xwf3%Ofij%Ufhmjht,***********ns@example.net,**********7417,..........,647******19,1955-**-**,2025-**-**
311,Dra. Ana Lívia Silva,+j7IoTg7Z),ana04@example.net,69854713075,2025-11-02,1909-12-05,27,311,+55096909267135,Iwf3%Fsf%Qò{nf%Xnq{f,***04@example.net,***********7135,..........,698******75,1909-**-**,2025-**-**
312,Emanuella da Mata,#^+04sixLK,anth311ny-gabrielm311reira@example.net,43681295719,2025-11-02,1956-09-02,36,312,+5513977054724,Jrfszjqqf%if%Rfyf,************************ra@example.net,**********4724,..........,436******19,1956-**-**,2025-**-**
313,Cauê Gomes,pzYna^Sw#3,ana-car312lina83@example.net,12735690407,2025-11-02,1944-05-22,47,313,+5535914445836,Hfzï%Ltrjx,**************83@example.net,**********5836,..........,127******07,1944-**-**,2025-**-**
314,Clarice das Neves,z&5Jasd6$P,mendesyan@example.net,40183765290,2025-11-02,2002-10-14,18,314,+5525910277247,Hqfwnhj%ifx%Sj{jx,*******an@example.net,**********7247,..........,401******90,2002-**-**,2025-**-**
315,Bruna Lopes,*4U&SxQG6h,gs314uza@example.314rg,57964283065,2025-11-02,1921-03-15,15,315,+5584912376402,Gwzsf%Qtujx,******za@example.314rg,**********6402,..........,579******65,1921-**-**,2025-**-**
316,Rafaela Pastor,JjvPQNjf%8,larissa56@example.315rg,72609431570,2025-11-02,1968-04-17,5,316,+5576972526159,Wfkfjqf%Ufxytw,*******56@example.315rg,**********6159,..........,726******70,1968-**-**,2025-**-**
317,Dr. Alexandre Pires,#K4KQOi^2d,silveirajade@example.c316m,81025467353,2025-11-02,1987-06-09,33,317,+5524988292162,Iw3%Fqj}fsiwj%Unwjx,**********de@example.c316m,**********2162,..........,810******53,1987-**-**,2025-**-**
318,Ana Luiza Nogueira,%VvjGHtpf0,ri317sayla@example.net,74913602896,2025-11-02,1952-09-28,24,318,+5544909475551,Fsf%Qznf%Stlzjnwf,********la@example.net,**********5551,..........,749******96,1952-**-**,2025-**-**
319,Thomas Sales,YU(9GerQ#!,lmaced318@example.net,92805371640,2025-11-02,1922-11-21,33,319,+55056900571422,Ymtrfx%Xfqjx,*******18@example.net,***********1422,..........,928******40,1922-**-**,2025-**-**
320,Alana Câmara,)bu2Jw#hF%,r319drigueselisa@example.319rg,60712934804,2025-11-02,1993-08-15,14,320,+55041963404204,Fqfsf%Hçrfwf,**************sa@example.319rg,***********4204,..........,607******04,1993-**-**,2025-**-**
321,Sra. Ísis Jesus,ab&4z$Ao)@,caue02@example.320rg,05182673930,2025-11-02,2011-03-25,20,321,+55069961438291,Xwf3%Òxnx%Ojxzx,****02@example.320rg,***********8291,..........,051******30,2011-**-**,2025-**-**
322,Lucca Nunes,*%ncRTfS4W,bm321reira@example.net,68403972547,2025-11-02,2004-01-01,20,322,+5531994447451,Qzhhf%Szsjx,********ra@example.net,**********7451,..........,684******47,2004-**-**,2025-**-**
323,Marina Teixeira,ze0Qt2KA(s,tn322vais@example.322rg,35840976148,2025-11-02,2007-05-24,24,323,+55001972623177,Rfwnsf%Yjn}jnwf,*******is@example.322rg,***********3177,..........,358******48,2007-**-**,2025-**-**
324,Eloá Souza,@FVvugNW&6,card323s323isabelly@example.net,72806134544,2025-11-02,1981-10-06,45,324,+5504909153349,Jqtæ%Xtzf,*****************ly@example.net,**********3349,..........,728******44,1981-**-**,2025-**-**
325,Maya Câmara,E6ZVBKZo*Y,alanar324cha@example.net,34957861200,2025-11-02,1954-03-05,48,325,+55041910066957,Rf~f%Hçrfwf,**********ha@example.net,***********6957,..........,349******00,1954-**-**,2025-**-**
326,Ana Clara Garcia,$W3sKuec9(,brayanfernandes@example.325rg,98731250432,2025-11-02,2002-05-19,39,326,+5505987574181,Fsf%Hqfwf%Lfwhnf,*************es@example.325rg,**********4181,..........,987******32,2002-**-**,2025-**-**
327,Maria Liz da Mata,^6AZpOkbnq,ant326ni32694@example.net,79305684238,2025-11-02,1951-12-29,8,327,+5520920268807,Rfwnf%Qn%if%Rfyf,***********94@example.net,**********8807,..........,793******38,1951-**-**,2025-**-**
328,Heloisa Cunha,(RX7Ew6xJ3,n327ahp327rt327@example.c327m,72845630107,2025-11-02,1917-07-28,33,328,+5520929341401,Mjqtnxf%Hzsmf,*************27@example.c327m,**********1401,..........,728******07,1917-**-**,2025-**-**
329,Guilherme Vargas,_2F!xK%s7V,martinsfrancisc328@example.328rg,61759480258,2025-11-02,1985-12-18,25,329,+5502997382694,Lznqmjwrj%[fwlfx,****************28@example.328rg,**********2694,..........,617******58,1985-**-**,2025-**-**
330,Anthony Gabriel Albuquerque,#a)LOnpro5,garciaevelyn@example.329rg,18607453262,2025-11-02,2024-02-15,10,330,+5572920334061,Fsymts~%Lfgwnjq%Fqgzvzjwvzj,**********yn@example.329rg,**********4061,..........,186******62,2024-**-**,2025-**-**
331,Ana Laura Rodrigues,Stu4XgbR0&,mariah42@example.c330m,32045896170,2025-11-02,2006-07-24,28,331,+55062981077635,Fsf%Qfzwf%Wtiwnlzjx,******42@example.c330m,***********7635,..........,320******70,2006-**-**,2025-**-**
332,Anna Liz Lopes,&0IYtsK8R&,benjamin41@example.net,34728965074,2025-11-02,1987-03-24,37,332,+55072996625802,Fssf%Qn%Qtujx,********41@example.net,***********5802,..........,347******74,1987-**-**,2025-**-**
333,Srta. Luiza Rodrigues,3uNwingM&1,yuricavalcanti@example.332rg,02587946158,2025-11-02,1978-04-14,49,333,+55083960174207,Xwyf3%Qznf%Wtiwnlzjx,************ti@example.332rg,***********4207,..........,025******58,1978-**-**,2025-**-**
334,Benício Sá,!$npDOvDb4,scirin333@example.net,52861349719,2025-11-02,1961-01-17,4,334,+5590904979585,Gjsòhnt%Xæ,*******33@example.net,**********9585,..........,528******19,1961-**-**,2025-**-**
335,Enzo Gabriel Sousa,(9(6AkAq&B,m334ntenegr334evelyn@example.334rg,87034159297,2025-11-02,1971-06-10,44,335,+5514975212478,Jst%Lfgwnjq%Xtzxf,******************yn@example.334rg,**********2478,..........,870******97,1971-**-**,2025-**-**
336,Maria Clara Cavalcanti,*ZM(tm#v*5,vp335rt335@example.net,97368415020,2025-11-02,1940-06-15,46,336,+5552901452169,Rfwnf%Hqfwf%Hf{fqhfsyn,********35@example.net,**********2169,..........,973******20,1940-**-**,2025-**-**
337,Maria Helena Mendes,!mcWp)VF_4,ana-s336phiaribeir336@example.c336m,91273546873,2025-11-02,1949-04-16,23,337,+5556963167072,Rfwnf%Mjqjsf%Rjsijx,*******************36@example.c336m,**********7072,..........,912******73,1949-**-**,2025-**-**
338,Igor Abreu,e8ktlTF@*0,imartins@example.c337m,39482057600,2025-11-02,1972-10-21,33,338,+5582997604437,Nltw%Fgwjz,******ns@example.c337m,**********4437,..........,394******00,1972-**-**,2025-**-**
339,Isadora Porto,ya7Fsm19^^,iarauj338@example.338rg,68053214762,2025-11-02,2022-06-26,35,339,+55062968157589,Nxfitwf%Utwyt,*******38@example.338rg,***********7589,..........,680******62,2022-**-**,2025-**-**
340,Dra. Cecília da Mata,(&SBuD)o3H,heit339r81@example.net,13426875900,2025-11-02,1938-06-09,3,340,+5583918084129,Iwf3%Hjhòqnf%if%Rfyf,********81@example.net,**********4129,..........,134******00,1938-**-**,2025-**-**
341,Sra. Cecília Gomes,nmJW74gT$7,da-cruzmelissa@example.net,53612708490,2025-11-02,1984-11-20,6,341,+5544975887191,Xwf3%Hjhòqnf%Ltrjx,************sa@example.net,**********7191,..........,536******90,1984-**-**,2025-**-**
342,Ravi Lucca Gonçalves,^r4d(Kdt)8,melinas341uza@example.c341m,34026815951,2025-11-02,1969-03-22,17,342,+55004958154259,Wf{n%Qzhhf%Ltsìfq{jx,***********za@example.c341m,***********4259,..........,340******51,1969-**-**,2025-**-**
343,Dr. Caleb Casa Grande,hm^4Ssk9SN,camaraj342se-pedr342@example.net,24807695347,2025-11-02,1991-06-20,7,343,+5593984172934,Iw3%Hfqjg%Hfxf%Lwfsij,******************42@example.net,**********2934,..........,248******47,1991-**-**,2025-**-**
344,Raul Fernandes,d$9pySyzB!,lucasbarb343sa@example.343rg,96751384084,2025-11-02,1993-03-06,48,344,+5594911595619,Wfzq%Kjwsfsijx,************sa@example.343rg,**********5619,..........,967******84,1993-**-**,2025-**-**
345,Thomas Pastor,@p7)NK4lo9,marcela02@example.c344m,18594706375,2025-11-02,2003-04-10,9,345,+55059972714564,Ymtrfx%Ufxytw,*******02@example.c344m,***********4564,..........,185******75,2003-**-**,2025-**-**
346,Isis Machado,+4i+sNsA7u,mel345thiag345@example.345rg,40761832904,2025-11-02,2000-06-28,40,346,+5598973620339,Nxnx%Rfhmfit,************45@example.345rg,**********0339,..........,407******04,2000-**-**,2025-**-**
347,Sr. Benício Leão,$+5$G6rXSy,pimentagi346vanna@example.net,51067932461,2025-11-02,1995-07-28,44,347,+55008916403178,Xw3%Gjsòhnt%Qjèt,***************na@example.net,***********3178,..........,510******61,1995-**-**,2025-**-**
348,Marcela Almeida,^b2u4Ws!k8,aabreu@example.c347m,43169527061,2025-11-02,1992-08-30,6,348,+5564927070086,Rfwhjqf%Fqrjnif,****eu@example.c347m,**********0086,..........,431******61,1992-**-**,2025-**-**
349,Maya Ribeiro,(!q4kNu9Dc,gustav348-henrique05@example.net,58067134235,2025-11-02,1973-10-15,16,349,+5506933167550,Rf~f%Wngjnwt,******************05@example.net,**********7550,..........,580******35,1973-**-**,2025-**-**
350,Daniel das Neves,(o03HTl$6c,renan51@example.net,48172695020,2025-11-02,1929-04-24,28,350,+5531977417800,Ifsnjq%ifx%Sj{jx,*****51@example.net,**********7800,..........,481******20,1929-**-**,2025-**-**
351,Enrico Peixoto,YsL8kLgH%6,ivieira@example.net,75182439032,2025-11-02,1990-01-05,11,351,+5564940867972,Jswnht%Ujn}tyt,*****ra@example.net,**********7972,..........,751******32,1990-**-**,2025-**-**
352,Alana Duarte,!83ZgEd%d_,dcunha@example.351rg,89450137684,2025-11-02,2008-12-18,29,352,+5521959945800,Fqfsf%Izfwyj,****ha@example.351rg,**********5800,..........,894******84,2008-**-**,2025-**-**
353,Dr. Enrico Rodrigues,(8PyO#ToHL,vit352r-gabrielsales@example.352rg,32895604142,2025-11-02,1952-09-09,40,353,+5579913721403,Iw3%Jswnht%Wtiwnlzjx,******************es@example.352rg,**********1403,..........,328******42,1952-**-**,2025-**-**
354,Pedro Henrique da Cruz,J6U@%iNd*v,m353nteir353nic353las@example.net,60953127443,2025-11-02,1999-03-19,14,354,+5565967563811,Ujiwt%Mjswnvzj%if%Hwz,*******************as@example.net,**********3811,..........,609******43,1999-**-**,2025-**-**
355,Alana Novaes,P6LV3SRo8^,ana-luiza94@example.c354m,39675480157,2025-11-02,2009-04-05,28,355,+5512983359119,Fqfsf%St{fjx,*********94@example.c354m,**********9119,..........,396******57,2009-**-**,2025-**-**
356,Brenda Caldeira,!KrA#Aumh6,asafebrit355@example.net,27506193868,2025-11-02,2025-01-24,35,356,+55051991010984,Gwjsif%Hfqijnwf,**********55@example.net,***********0984,..........,275******68,2025-**-**,2025-**-**
357,Cecília Borges,TT9rfJy67^,jsales@example.c356m,61250879302,2025-11-02,1977-10-27,8,357,+5578914544287,Hjhòqnf%Gtwljx,****es@example.c356m,**********4287,..........,612******02,1977-**-**,2025-**-**
358,Vitor Gabriel Sá,*52sRnPxR_,emanuellaribeir357@example.net,60187259402,2025-11-02,1991-05-31,19,358,+5593968107344,[nytw%Lfgwnjq%Xæ,****************57@example.net,**********7344,..........,601******02,1991-**-**,2025-**-**
359,Otávio da Mota,S!5%b^&dHB,the358ribeir358@example.358rg,42179538014,2025-11-02,1913-09-26,16,359,+5534965387954,Tyæ{nt%if%Rtyf,*************58@example.358rg,**********7954,..........,421******14,1913-**-**,2025-**-**
360,Melina Camargo,VvI7TDZz^L,august35915@example.359rg,92645103707,2025-11-02,1978-11-11,48,360,+5584952022662,Rjqnsf%Hfrfwlt,*********15@example.359rg,**********2662,..........,926******07,1978-**-**,2025-**-**
361,Davi Luiz Caldeira,!8blBTHjSG,fsilveira@example.c360m,09514327888,2025-11-02,1937-09-24,1,361,+55087938266260,If{n%Qzn%Hfqijnwf,*******ra@example.c360m,***********6260,..........,095******88,1937-**-**,2025-**-**
362,Davi Lucca Ribeiro,&x@0VpvksY,ana-vit361riaduarte@example.net,87603294592,2025-11-02,1978-12-08,34,362,+55056967244456,If{n%Qzhhf%Wngjnwt,*****************te@example.net,***********4456,..........,876******92,1978-**-**,2025-**-**
363,Eduarda Rodrigues,7!9Kc&DoPE,ig362r14@example.c362m,97513064261,2025-11-02,1922-08-10,38,363,+55070939032706,Jizfwif%Wtiwnlzjx,******14@example.c362m,***********2706,..........,975******61,1922-**-**,2025-**-**
364,Luan Barbosa,T2QAAmL5$7,g363ncalvesfelipe@example.net,34250819698,2025-11-02,1929-11-17,2,364,+55075930200966,Qzfs%Gfwgtxf,***************pe@example.net,***********0966,..........,342******98,1929-**-**,2025-**-**
365,Ana Cecília Silva,VK7EFbFds*,gustav364-henriquen364vais@example.364rg,49821376096,2025-11-02,1912-05-27,39,365,+5561994532928,Fsf%Hjhòqnf%Xnq{f,************************is@example.364rg,**********2928,..........,498******96,1912-**-**,2025-**-**
366,Matteo Nunes,9JX6Nnwhb@,marcel36508@example.net,15098473675,2025-11-02,1972-06-10,17,366,+5545968511843,Rfyyjt%Szsjx,*********08@example.net,**********1843,..........,150******75,1972-**-**,2025-**-**
367,Kaique Castro,&(81+HdkF5,castr366muril366@example.net,80517423626,2025-11-02,2000-09-29,12,367,+5570945454499,Pfnvzj%Hfxywt,**************66@example.net,**********4499,..........,805******26,2000-**-**,2025-**-**
368,Nina Porto,*oUb9f1EW0,fernandespedr367-lucas@example.net,83052471635,2025-11-02,1961-08-25,10,368,+55092945706502,Snsf%Utwyt,********************as@example.net,***********6502,..........,830******35,1961-**-**,2025-**-**
369,Vitor Gabriel Camargo,@T3@Tygd9&,bsilveira@example.net,94567821076,2025-11-02,1959-01-08,13,369,+5545993145542,[nytw%Lfgwnjq%Hfrfwlt,*******ra@example.net,**********5542,..........,945******76,1959-**-**,2025-**-**
370,Dr. José Pedro Rodrigues,+1waZWLv6(,sarahmachad369@example.c369m,69287450102,2025-11-02,1922-01-14,20,370,+5502950771473,Iw3%Otxî%Ujiwt%Wtiwnlzjx,************69@example.c369m,**********1473,..........,692******02,1922-**-**,2025-**-**
371,Bárbara Caldeira,O3HAzgrw+3,j370ana69@example.370rg,34768529119,2025-11-02,1960-03-17,49,371,+5501957854693,Gæwgfwf%Hfqijnwf,*******69@example.370rg,**********4693,..........,347******19,1960-**-**,2025-**-**
372,Manuella da Cunha,Y3T%UGk*@9,vit371r06@example.net,20489671594,2025-11-02,1931-06-08,44,372,+5561963913021,Rfszjqqf%if%Hzsmf,*******06@example.net,**********3021,..........,204******94,1931-**-**,2025-**-**
373,Luigi Melo,xCU^B8Eq_z,vasc372ncel372sana-liz@example.372rg,43750128626,2025-11-02,1993-12-20,11,373,+5566951348854,Qznln%Rjqt,********************iz@example.372rg,**********8854,..........,437******26,1993-**-**,2025-**-**
374,Pedro Henrique Machado,IOsC#0XwhK,mirella68@example.373rg,42680975383,2025-11-02,1914-01-26,23,374,+5516936593349,Ujiwt%Mjswnvzj%Rfhmfit,*******68@example.373rg,**********3349,..........,426******83,1914-**-**,2025-**-**
375,Yago Machado,p*W60*KL)m,luiz-miguel57@example.c374m,28540167930,2025-11-02,2014-02-08,27,375,+5576913480986,^flt%Rfhmfit,***********57@example.c374m,**********0986,..........,285******30,2014-**-**,2025-**-**
376,Dra. Maria Helena Ramos,&apU_QWw$4,alexandrem375ntenegr375@example.net,72531846964,2025-11-02,1959-10-26,50,376,+5517992074075,Iwf3%Rfwnf%Mjqjsf%Wfrtx,*********************75@example.net,**********4075,..........,725******64,1959-**-**,2025-**-**
377,Giovanna Nogueira,Z2TgHigS+S,dieg376camarg376@example.c376m,12038479631,2025-11-02,1949-11-05,37,377,+5525904142753,Lnt{fssf%Stlzjnwf,**************76@example.c376m,**********2753,..........,120******31,1949-**-**,2025-**-**
378,Emanuel Lopes,9+79ToJm+t,silvamanuella@example.c377m,21735809659,2025-11-02,1958-12-30,14,378,+5513975601507,Jrfszjq%Qtujx,***********la@example.c377m,**********1507,..........,217******59,1958-**-**,2025-**-**
379,Isadora da Mota,D71(9YoOP*,arthur-miguelr378cha@example.378rg,54283097683,2025-11-02,1936-12-30,7,379,+5540917585726,Nxfitwf%if%Rtyf,******************ha@example.378rg,**********5726,..........,542******83,1936-**-**,2025-**-**
380,Josué Cavalcanti,^9NAzyRp$g,saleslevi@example.net,17986425067,2025-11-02,1972-08-27,2,380,+5573989853342,Otxzî%Hf{fqhfsyn,*******vi@example.net,**********3342,..........,179******67,1972-**-**,2025-**-**
381,Srta. Zoe Ribeiro,*5AVZ1nv(o,380r380drigues@example.net,94752013860,2025-11-02,1988-02-14,37,381,+55003982911300,Xwyf3%_tj%Wngjnwt,************es@example.net,***********1300,..........,947******60,1988-**-**,2025-**-**
382,Dra. Olívia Nunes,6&70XVkjn#,maite79@example.381rg,65934072838,2025-11-02,2009-05-05,1,382,+5535903728467,Iwf3%Tqò{nf%Szsjx,*****79@example.381rg,**********8467,..........,659******38,2009-**-**,2025-**-**
383,Alice Brito,#xkY2Ef)%v,g382ncalvesmaite@example.382rg,17835624044,2025-11-02,1943-04-04,19,383,+5575913205297,Fqnhj%Gwnyt,**************te@example.382rg,**********5297,..........,178******44,1943-**-**,2025-**-**
384,Júlia Guerra,$312QRhpjP,melina39@example.c383m,54308129788,2025-11-02,2013-05-09,49,384,+5531918291339,Oÿqnf%Lzjwwf,******39@example.c383m,**********1339,..........,543******88,2013-**-**,2025-**-**
385,Sr. Marcos Vinicius Nogueira,!0TzSUpE!O,helenab384rges@example.net,48019576339,2025-11-02,1988-11-19,42,385,+5585919442654,Xw3%Rfwhtx%[nsnhnzx%Stlzjnwf,************es@example.net,**********2654,..........,480******39,1988-**-**,2025-**-**
386,Oliver da Cruz,98MDSsP++&,peix385t385d385m@example.c385m,02936815460,2025-11-02,1947-08-09,5,386,+55072905941582,Tqn{jw%if%Hwz,**************5m@example.c385m,***********1582,..........,029******60,1947-**-**,2025-**-**
387,Alícia Duarte,&Qmr2Bj&)i,s386usaana-vit386ria@example.c386m,53921874637,2025-11-02,1912-12-31,24,387,+5560918354037,Fqòhnf%Izfwyj,******************ia@example.c386m,**********4037,..........,539******37,1912-**-**,2025-**-**
388,Cecilia Barbosa,$g*S8Je$)7,pietra19@example.387rg,16429753034,2025-11-02,1985-10-02,20,388,+55012953959161,Hjhnqnf%Gfwgtxf,******19@example.387rg,***********9161,..........,164******34,1985-**-**,2025-**-**
389,Maria da Cruz,&h8h!WlTkz,tc388stela@example.388rg,54927031616,2025-11-02,1961-09-07,33,389,+5591934892190,Rfwnf%if%Hwz,********la@example.388rg,**********2190,..........,549******16,1961-**-**,2025-**-**
390,Pietro Brito,!5SG9ucDnU,p389rt389nic389le@example.net,83104596298,2025-11-02,1964-01-10,23,390,+5558984006578,Unjywt%Gwnyt,***************le@example.net,**********6578,..........,831******98,1964-**-**,2025-**-**
391,Cauê Ramos,(y_zVq1i4X,camarg390bruna@example.net,74051983250,2025-11-02,1967-02-08,34,391,+5566908808705,Hfzï%Wfrtx,************na@example.net,**********8705,..........,740******50,1967-**-**,2025-**-**
392,Ana Luiza Gonçalves,&72ArlpHb4,nasciment391benici391@example.c391m,07835612968,2025-11-02,1914-04-21,1,392,+55017985741370,Fsf%Qznf%Ltsìfq{jx,*******************91@example.c391m,***********1370,..........,078******68,1914-**-**,2025-**-**
393,João Lucas Barbosa,U0)iaTKvm!,hda-r392sa@example.c392m,23740916869,2025-11-02,1969-09-16,29,393,+5515966377509,Otèt%Qzhfx%Gfwgtxf,********sa@example.c392m,**********7509,..........,237******69,1969-**-**,2025-**-**
394,Dr. Rodrigo Mendonça,5%T6Qg&dcQ,vicentep393rt393@example.393rg,75493126052,2025-11-02,1945-06-19,29,394,+5592933886103,Iw3%Wtiwnlt%Rjsitsìf,**************93@example.393rg,**********6103,..........,754******52,1945-**-**,2025-**-**
395,Ana Luiza Castro,XH#0ZnyE7K,vianaevelyn@example.394rg,63841925006,2025-11-02,1930-03-06,20,395,+5564975164848,Fsf%Qznf%Hfxywt,*********yn@example.394rg,**********4848,..........,638******06,1930-**-**,2025-**-**
396,Felipe Pacheco,#PHJHt2i16,yda-r395cha@example.net,63425189719,2025-11-02,1926-10-12,26,396,+55083944234222,Kjqnuj%Ufhmjht,*********ha@example.net,***********4222,..........,634******19,1926-**-**,2025-**-**
397,Sofia Pastor,vD3pM$dv)!,malmeida@example.396rg,79156084366,2025-11-02,1929-07-08,47,397,+5538970905091,Xtknf%Ufxytw,******da@example.396rg,**********5091,..........,791******66,1929-**-**,2025-**-**
398,Lunna Cavalcanti,N3%PE8Jh$5,cpast397r@example.net,40526931752,2025-11-02,1962-07-22,37,398,+5502926167398,Qzssf%Hf{fqhfsyn,*******7r@example.net,**********7398,..........,405******52,1962-**-**,2025-**-**
399,Luiza Moraes,&VFRSlul98,raelpimenta@example.c398m,16025987467,2025-11-02,1975-07-15,8,399,+5573955152537,Qznf%Rtwfjx,*********ta@example.c398m,**********2537,..........,160******67,1975-**-**,2025-**-**
400,Alexandre Câmara,*!4RJCMhl*,wr399drigues@example.399rg,05127694352,2025-11-02,2004-03-08,25,400,+55030963534934,Fqj}fsiwj%Hçrfwf,**********es@example.399rg,***********4934,..........,051******52,2004-**-**,2025-**-**
401,Julia Novais,x8_ZPxbr(x,mdias@example.400rg,63751948228,2025-11-02,2020-09-10,14,401,+5512943287414,Ozqnf%St{fnx,***as@example.400rg,**********7414,..........,637******28,2020-**-**,2025-**-**
402,Sr. Davi Lucas Gomes,4N*xXq1A&+,samuel75@example.c401m,58673012490,2025-11-02,1920-11-17,1,402,+55064911416987,Xw3%If{n%Qzhfx%Ltrjx,******75@example.c401m,***********6987,..........,586******90,1920-**-**,2025-**-**
403,Dra. Ana Beatriz Gomes,7z9)GQgv!M,402liveirakaique@example.net,64283971022,2025-11-02,1913-04-04,41,403,+5532907970838,Iwf3%Fsf%Gjfywn%Ltrjx,**************ue@example.net,**********0838,..........,642******22,1913-**-**,2025-**-**
404,José Moraes,(BEgkI9G)3,403liviapires@example.403rg,62398041778,2025-11-02,1914-09-12,47,404,+5558925610184,Otxî%Rtwfjx,***********es@example.403rg,**********0184,..........,623******78,1914-**-**,2025-**-**
405,Ester Nogueira,^n9uK3Ma7l,machad404hadassa@example.c404m,38492706104,2025-11-02,1918-03-11,47,405,+5535961293679,Jxyjw%Stlzjnwf,**************sa@example.c404m,**********3679,..........,384******04,1918-**-**,2025-**-**
406,Ana Luiza Camargo,x%7QIr*ISL,s405fiaduarte@example.c405m,67940851276,2025-11-02,1967-04-08,13,406,+5567945188401,Fsf%Qznf%Hfrfwlt,***********te@example.c405m,**********8401,..........,679******76,1967-**-**,2025-**-**
407,Mirella da Cruz,fu2BIeDI(+,wcasa-grande@example.c406m,15804369784,2025-11-02,1981-10-14,39,407,+55008922718992,Rnwjqqf%if%Hwz,**********de@example.c406m,***********8992,..........,158******84,1981-**-**,2025-**-**
408,Sra. Catarina Vieira,Y6D3VUcj_t,fbrit407@example.407rg,78064321590,2025-11-02,2023-10-25,27,408,+55094934500926,Xwf3%Hfyfwnsf%[njnwf,******07@example.407rg,***********0926,..........,780******90,2023-**-**,2025-**-**
409,Liam Mendonça,aXg#2iHcho,ug408ncalves@example.net,06281549333,2025-11-02,2004-04-25,46,409,+5533963972772,Qnfr%Rjsitsìf,**********es@example.net,**********2772,..........,062******33,2004-**-**,2025-**-**
410,Daniela Monteiro,Zi$OAbbY(2,el409ah30@example.409rg,67140853975,2025-11-02,1933-05-13,45,410,+55044913325815,Ifsnjqf%Rtsyjnwt,*******30@example.409rg,***********5815,..........,671******75,1933-**-**,2025-**-**
411,Marcos Vinicius da Cruz,VRz1MraXz@,pint410luigi@example.c410m,42579301879,2025-11-02,1922-06-16,29,411,+5550904035093,Rfwhtx%[nsnhnzx%if%Hwz,**********gi@example.c410m,**********5093,..........,425******79,1922-**-**,2025-**-**
412,Maria Isis Vargas,wTFGGtdX&1,hn411vais@example.net,90351487204,2025-11-02,1978-03-01,43,412,+5556924856158,Rfwnf%Nxnx%[fwlfx,*******is@example.net,**********6158,..........,903******04,1978-**-**,2025-**-**
413,Carlos Eduardo Freitas,@gUMdZb#!3,isabelly88@example.c412m,06291574802,2025-11-02,2005-11-04,13,413,+55078945127016,Hfwqtx%Jizfwit%Kwjnyfx,********88@example.c412m,***********7016,..........,062******02,2005-**-**,2025-**-**
414,Clara Montenegro,!6UuONdyul,camaraluan@example.net,70342916599,2025-11-02,1940-09-02,34,414,+55017946985591,Hqfwf%Rtsyjsjlwt,********an@example.net,***********5591,..........,703******99,1940-**-**,2025-**-**
415,Enzo Gabriel Fogaça,TR*LNSDu+2,rafael30@example.c414m,97504218685,2025-11-02,1949-03-18,44,415,+55085940995091,Jst%Lfgwnjq%Ktlfìf,******30@example.c414m,***********5091,..........,975******85,1949-**-**,2025-**-**
416,Alexandre da Conceição,dH#H2C0eLz,emanuellyc415stela@example.c415m,42967381519,2025-11-02,1958-04-03,38,416,+55053988666448,Fqj}fsiwj%if%Htshjnìèt,****************la@example.c415m,***********6448,..........,429******19,1958-**-**,2025-**-**
417,Yan Castro,0qGC9TRm&0,rhavi57@example.net,83614572919,2025-11-02,1992-02-07,26,417,+5552950373805,^fs%Hfxywt,*****57@example.net,**********3805,..........,836******19,1992-**-**,2025-**-**
418,Rebeca Nunes,$OgaCq0t3w,ravi-luccacarvalh417@example.net,68507342108,2025-11-02,2023-02-16,40,418,+5591998664462,Wjgjhf%Szsjx,******************17@example.net,**********4462,..........,685******08,2023-**-**,2025-**-**
419,Diogo Correia,h*V194Sr*W,estercamarg418@example.net,72093145634,2025-11-02,1972-04-23,47,419,+55000966916491,Intlt%Htwwjnf,************18@example.net,***********6491,..........,720******34,1972-**-**,2025-**-**
420,Nicole da Cruz,78y5EDNw(Z,benici419vasc419ncel419s@example.419rg,40836715217,2025-11-02,1959-05-13,48,420,+5577916763383,Snhtqj%if%Hwz,**********************9s@example.419rg,**********3383,..........,408******17,1959-**-**,2025-**-**
421,Lavínia Campos,)zE9+y*mt3,bellaaparecida@example.420rg,24531907841,2025-11-02,1947-06-09,32,421,+5546961681050,Qf{òsnf%Hfrutx,************da@example.420rg,**********1050,..........,245******41,1947-**-**,2025-**-**
422,Dr. Davi Mendes,aS29iqIle*,yaparecida@example.net,91026374561,2025-11-02,1947-12-19,16,422,+5568980670761,Iw3%If{n%Rjsijx,********da@example.net,**********0761,..........,910******61,1947-**-**,2025-**-**
423,Lunna Cunha,$9I$SoWxPZ,j422anabarb422sa@example.net,43752681071,2025-11-02,1926-02-10,42,423,+5589908997732,Qzssf%Hzsmf,**************sa@example.net,**********7732,..........,437******71,1926-**-**,2025-**-**
424,Carolina Jesus,LD44VZjU@J,d423liveira@example.c423m,31095278630,2025-11-02,1922-11-02,41,424,+5576925381007,Hfwtqnsf%Ojxzx,*********ra@example.c423m,**********1007,..........,310******30,1922-**-**,2025-**-**
425,Francisco da Conceição,5OHb%@iP+9,ant424nypires@example.c424m,07365928492,2025-11-02,1913-11-01,27,425,+55095940404692,Kwfshnxht%if%Htshjnìèt,***********es@example.c424m,***********4692,..........,073******92,1913-**-**,2025-**-**
426,Dr. João Gabriel Andrade,#_q9CIir+(,yuri60@example.c425m,54918267319,2025-11-02,2018-09-26,41,426,+5546935029451,Iw3%Otèt%Lfgwnjq%Fsiwfij,****60@example.c425m,**********9451,..........,549******19,2018-**-**,2025-**-**
427,Diego Lopes,AR4UkwMIT#,lea426j426se-pedr426@example.c426m,84152390689,2025-11-02,1984-02-12,41,427,+5500930597500,Injlt%Qtujx,******************26@example.c426m,**********7500,..........,841******89,1984-**-**,2025-**-**
428,Yuri Mendonça,@@HMC9ep#3,emanuelly53@example.c427m,50968231721,2025-11-02,2017-03-06,26,428,+5562926192092,^zwn%Rjsitsìf,*********53@example.c427m,**********2092,..........,509******21,2017-**-**,2025-**-**
429,Aylla Câmara,8aH50L6UX!,apeix428t428@example.net,13047869278,2025-11-02,1912-08-22,18,429,+5518957699778,F~qqf%Hçrfwf,**********28@example.net,**********9778,..........,130******78,1912-**-**,2025-**-**
430,Igor da Mata,peJP8jaP+2,luisa56@example.c429m,05847321635,2025-11-02,2015-07-06,50,430,+5540903040586,Nltw%if%Rfyf,*****56@example.c429m,**********0586,..........,058******35,2015-**-**,2025-**-**
431,Mathias Borges,1hKaqX1x^%,ana-julia35@example.c430m,01382567995,2025-11-02,1966-05-11,50,431,+5579909569479,Rfymnfx%Gtwljx,*********35@example.c430m,**********9479,..........,013******95,1966-**-**,2025-**-**
432,Isabela Macedo,3%Q3WOg)(&,lmachad431@example.net,87013529621,2025-11-02,1992-07-22,1,432,+5577987335493,Nxfgjqf%Rfhjit,********31@example.net,**********5493,..........,870******21,1992-**-**,2025-**-**
433,Benjamin Fernandes,6e_7CflDy#,ant432nelladias@example.c432m,74291086369,2025-11-02,2003-07-09,17,433,+55034948149163,Gjsofrns%Kjwsfsijx,*************as@example.c432m,***********9163,..........,742******69,2003-**-**,2025-**-**
434,Henrique Novais,cx%%3Z1icN,433liveira433livia@example.net,30852496133,2025-11-02,1934-04-07,46,434,+5553942972307,Mjswnvzj%St{fnx,****************ia@example.net,**********2307,..........,308******33,1934-**-**,2025-**-**
435,Maria Eduarda Viana,kY#8BP(s)r,g434mescecilia@example.c434m,61309875286,2025-11-02,1978-10-11,44,435,+55027936388566,Rfwnf%Jizfwif%[nfsf,************ia@example.c434m,***********8566,..........,613******86,1978-**-**,2025-**-**
436,Cecília Teixeira,@11lGjJzdw,um435reira@example.net,87269314004,2025-11-02,1974-02-22,20,436,+5578920411121,Hjhòqnf%Yjn}jnwf,********ra@example.net,**********1121,..........,872******04,1974-**-**,2025-**-**
437,Sofia Araújo,%gJP7Lrg(A,lda-r436cha@example.net,41598237691,2025-11-02,1998-12-26,30,437,+5573947929011,Xtknf%Fwfÿot,*********ha@example.net,**********9011,..........,415******91,1998-**-**,2025-**-**
438,João Lucas da Costa,%5m2#Jnq$&,hel437isamartins@example.c437m,30492785600,2025-11-02,1914-12-17,32,438,+5576906991195,Otèt%Qzhfx%if%Htxyf,**************ns@example.c437m,**********1195,..........,304******00,1914-**-**,2025-**-**
439,Mariah Moraes,7dNNGoHw(d,j438sec438rreia@example.c438m,97201453661,2025-11-02,1988-12-05,30,439,+5584905562955,Rfwnfm%Rtwfjx,*************ia@example.c438m,**********2955,..........,972******61,1988-**-**,2025-**-**
440,João Guilherme Monteiro,R0yMHcmt*S,emanuelly22@example.439rg,34852019606,2025-11-02,1992-12-20,3,440,+5544939185032,Otèt%Lznqmjwrj%Rtsyjnwt,*********22@example.439rg,**********5032,..........,348******06,1992-**-**,2025-**-**
441,Luna Rios,#b%cR3PgXu,camaraenric440@example.440rg,32076495800,2025-11-02,1986-11-11,33,441,+55080999684337,Qzsf%Wntx,************40@example.440rg,***********4337,..........,320******00,1986-**-**,2025-**-**
442,Cauã Almeida,3Y%jmMh(&k,pcastr441@example.441rg,08349576120,2025-11-02,1946-06-04,48,442,+5522995566666,Hfzè%Fqrjnif,*******41@example.441rg,**********6666,..........,083******20,1946-**-**,2025-**-**
443,Dr. Asafe Novaes,uf5WKP2AZ&,andre61@example.net,41937650839,2025-11-02,1930-11-22,28,443,+5517937932739,Iw3%Fxfkj%St{fjx,*****61@example.net,**********2739,..........,419******39,1930-**-**,2025-**-**
444,Antônio Sales,1O(&lsvn#f,cauapires@example.443rg,17904586339,2025-11-02,1932-07-23,23,444,+5593965540426,Fsyùsnt%Xfqjx,*******es@example.443rg,**********0426,..........,179******39,1932-**-**,2025-**-**
445,Davi Câmara,j9Y5)Z9f^Q,ram444smaria@example.net,01329784588,2025-11-02,1943-01-10,43,445,+5534924483864,If{n%Hçrfwf,**********ia@example.net,**********3864,..........,013******88,1943-**-**,2025-**-**
446,Júlia Souza,$YHpx!Ds%3,luiz-felipesilveira@example.c445m,45067128380,2025-11-02,2006-06-08,2,446,+5559976274198,Oÿqnf%Xtzf,*****************ra@example.c445m,**********4198,..........,450******80,2006-**-**,2025-**-**
447,Sr. Isaac Sampaio,AI4!Vxkj+5,n446vaisdavi-miguel@example.446rg,73126594891,2025-11-02,1965-08-31,33,447,+5571941701510,Xw3%Nxffh%Xfrufnt,*****************el@example.446rg,**********1510,..........,731******91,1965-**-**,2025-**-**
448,Dra. Bruna Gomes,@rJP)SGvd9,jesusdaniel@example.net,67841309520,2025-11-02,1987-06-26,11,448,+55002959009219,Iwf3%Gwzsf%Ltrjx,*********el@example.net,***********9219,..........,678******20,1987-**-**,2025-**-**
449,Sr. Yago Rodrigues,(#T*Mw7gT4,bryan39@example.448rg,47098326178,2025-11-02,1923-06-27,6,449,+5553975340183,Xw3%^flt%Wtiwnlzjx,*****39@example.448rg,**********0183,..........,470******78,1923-**-**,2025-**-**
450,José Miguel Garcia,!XLIjS6y8v,sara83@example.c449m,16407298520,2025-11-02,2022-11-11,41,450,+55094998691804,Otxî%Rnlzjq%Lfwhnf,****83@example.c449m,***********1804,..........,164******20,2022-**-**,2025-**-**
451,Ester Cardoso,I(1JL4_aAB,duarteeduard450@example.c450m,10534296734,2025-11-02,2001-08-25,18,451,+5538966483637,Jxyjw%Hfwitxt,*************50@example.c450m,**********3637,..........,105******34,2001-**-**,2025-**-**
452,Dra. Ágatha das Neves,#hAS4Wfzpy,habreu@example.net,52930146761,2025-11-02,1993-12-06,20,452,+5571918202988,Iwf3%Ælfymf%ifx%Sj{jx,****eu@example.net,**********2988,..........,529******61,1993-**-**,2025-**-**
453,Natália Silveira,#5B615P+j),vasc452ncel452srebeca@example.452rg,91854602730,2025-11-02,2021-09-27,34,453,+5518928958658,Sfyæqnf%Xnq{jnwf,*******************ca@example.452rg,**********8658,..........,918******30,2021-**-**,2025-**-**
454,Sophie Caldeira,9WaR+KaV#g,clarices453usa@example.net,02837561959,2025-11-02,1982-05-15,16,454,+5566946886042,Xtumnj%Hfqijnwf,************sa@example.net,**********6042,..........,028******59,1982-**-**,2025-**-**
455,Théo Pereira,r^6Awr$lOV,gael89@example.454rg,04983172696,2025-11-02,1993-05-29,18,455,+5529937875672,Ymît%Ujwjnwf,****89@example.454rg,**********5672,..........,049******96,1993-**-**,2025-**-**
456,Emanuelly Rios,%cSy42c85o,tcunha@example.455rg,01958467294,2025-11-02,1945-04-16,5,456,+5529961413955,Jrfszjqq~%Wntx,****ha@example.455rg,**********3955,..........,019******94,1945-**-**,2025-**-**
457,André da Paz,)1kK!cs2Hu,maria-fernandan456vais@example.456rg,82753941041,2025-11-02,1970-08-02,34,457,+5522904960991,Fsiwî%if%Uf,********************is@example.456rg,**********0991,..........,827******41,1970-**-**,2025-**-**
458,Paulo Lopes,)21Is+ey6&,barbara02@example.457rg,29745638137,2025-11-02,1927-12-14,24,458,+55023965053818,Ufzqt%Qtujx,*******02@example.457rg,***********3818,..........,297******37,1927-**-**,2025-**-**
459,Rael Moreira,N4zUr(j4#4,pimentanic458las@example.c458m,63592701452,2025-11-02,1947-08-14,33,459,+5598900056628,Wfjq%Rtwjnwf,**************as@example.c458m,**********6628,..........,635******52,1947-**-**,2025-**-**
460,Benício Leão,5y6BdC8q##,s459usastella@example.459rg,26583974100,2025-11-02,2003-04-13,48,460,+5588933914645,Gjsòhnt%Qjèt,***********la@example.459rg,**********4645,..........,265******00,2003-**-**,2025-**-**
461,Davi Luiz Ramos,h_j^9Rfc7#,wpast460r@example.c460m,83146250942,2025-11-02,1928-11-26,11,461,+5598940312800,If{n%Qzn%Wfrtx,*******0r@example.c460m,**********2800,..........,831******42,1928-**-**,2025-**-**
462,Sr. Thiago Barbosa,)Z(oQwlOO5,esterl461pes@example.net,42813569089,2025-11-02,1924-11-16,42,462,+5506941393515,Xw3%Ymnflt%Gfwgtxf,**********es@example.net,**********3515,..........,428******89,1924-**-**,2025-**-**
463,Dr. João Gabriel Ribeiro,2*sQ4pGyEz,castr462luiza@example.c462m,50961743280,2025-11-02,1969-02-11,46,463,+5524918168521,Iw3%Otèt%Lfgwnjq%Wngjnwt,***********za@example.c462m,**********8521,..........,509******80,1969-**-**,2025-**-**
464,Luna Azevedo,k&440_bmVV,s463usapedr463-henrique@example.c463m,43916752006,2025-11-02,1946-09-04,18,464,+5544904399653,Qzsf%Fj{jit,*********************ue@example.c463m,**********9653,..........,439******06,1946-**-**,2025-**-**
465,Daniel Fogaça,2eGZnQeo*0,maria-cecilia86@example.net,89721046558,2025-11-02,1911-11-06,40,465,+5521924579262,Ifsnjq%Ktlfìf,*************86@example.net,**********9262,..........,897******58,1911-**-**,2025-**-**
466,Luiz Gustavo Macedo,#it7TgUcIm,cai465alves@example.465rg,54708312644,2025-11-02,2005-03-16,15,466,+55094912982954,Qzn%Lzxyf{t%Rfhjit,*********es@example.465rg,***********2954,..........,547******44,2005-**-**,2025-**-**
467,Davi Luiz Oliveira,H*4UaN6FXv,qvargas@example.466rg,20491783523,2025-11-02,1930-07-30,36,467,+5578952347700,If{n%Qzn%Tqn{jnwf,*****as@example.466rg,**********7700,..........,204******23,1930-**-**,2025-**-**
468,Eloá Barros,$7R7lfcK!7,teixeiramatte467@example.c467m,09817523497,2025-11-02,1950-09-19,12,468,+5512907697619,Jqtæ%Gfwwtx,**************67@example.c467m,**********7619,..........,098******97,1950-**-**,2025-**-**
469,Davi Luiz Barros,)Zv3YFjfO9,ceciliaalves@example.468rg,63428510771,2025-11-02,2009-02-14,17,469,+55010987241869,If{n%Qzn%Gfwwtx,**********es@example.468rg,***********1869,..........,634******71,2009-**-**,2025-**-**
470,Ana Carolina Lopes,luq0TrSzc^,castr469esther@example.c469m,13490276507,2025-11-02,1935-11-11,22,470,+55044935211007,Fsf%Hfwtqnsf%Qtujx,************er@example.c469m,***********1007,..........,134******07,1935-**-**,2025-**-**
471,Theo Sá,3!1MnOPt$X,ecavalcante@example.c470m,63249087122,2025-11-02,1949-04-19,15,471,+5564974735599,Ymjt%Xæ,*********te@example.c470m,**********5599,..........,632******22,1949-**-**,2025-**-**
472,Davi Lucas Porto,Hj9ITalmN#,camaramaria-luisa@example.471rg,97605413270,2025-11-02,1947-09-07,40,472,+5505965202855,If{n%Qzhfx%Utwyt,***************sa@example.471rg,**********2855,..........,976******70,1947-**-**,2025-**-**
473,Benicio Nunes,2hQqM$xl%2,xduarte@example.c472m,48605329700,2025-11-02,1990-10-30,16,473,+5581909848066,Gjsnhnt%Szsjx,*****te@example.c472m,**********8066,..........,486******00,1990-**-**,2025-**-**
474,Julia da Rocha,VI7j7BwO1$,fernandesdavi-luiz@example.c473m,35182460970,2025-11-02,1984-10-16,2,474,+5524911112863,Ozqnf%if%Wthmf,****************iz@example.c473m,**********2863,..........,351******70,1984-**-**,2025-**-**
475,Sr. Davi Luiz Farias,y$+1JAu!O_,piresmariah@example.net,19340852605,2025-11-02,2003-06-25,26,475,+5546930745114,Xw3%If{n%Qzn%Kfwnfx,*********ah@example.net,**********5114,..........,193******05,2003-**-**,2025-**-**
476,Dante Freitas,xQrvAfnY*8,samuel46@example.net,67238514044,2025-11-02,1965-06-21,28,476,+5548999623735,Ifsyj%Kwjnyfx,******46@example.net,**********3735,..........,672******44,1965-**-**,2025-**-**
477,Ana Sophia Brito,uKQk(&zF!7,biancan476vais@example.c476m,79026138431,2025-11-02,1929-12-23,16,477,+5518935530393,Fsf%Xtumnf%Gwnyt,************is@example.c476m,**********0393,..........,790******31,1929-**-**,2025-**-**
478,Sr. Bernardo Farias,8PSKiYs5+e,haparecida@example.477rg,47508623983,2025-11-02,1995-06-02,18,478,+55067994628790,Xw3%Gjwsfwit%Kfwnfx,********da@example.477rg,***********8790,..........,475******83,1995-**-**,2025-**-**
479,Enzo Ribeiro,OxHV@NIw+7,vargasalexia@example.net,59430218689,2025-11-02,1952-10-06,5,479,+5552973307059,Jst%Wngjnwt,**********ia@example.net,**********7059,..........,594******89,1952-**-**,2025-**-**
480,Luan Campos,$v8Srve8v&,znasciment479@example.net,63420751826,2025-11-02,1939-07-28,47,480,+5559981521839,Qzfs%Hfrutx,***********79@example.net,**********1839,..........,634******26,1939-**-**,2025-**-**
481,Milena da Rocha,#97wWOdaBC,stella29@example.c480m,53701629480,2025-11-02,1976-10-23,38,481,+5573909662598,Rnqjsf%if%Wthmf,******29@example.c480m,**********2598,..........,537******80,1976-**-**,2025-**-**
482,Srta. Eloá Mendes,3)13^Gi8Dt,m481ntenegr481ana-s481phia@example.481rg,70523894600,2025-11-02,1926-03-30,38,482,+5511930433854,Xwyf3%Jqtæ%Rjsijx,************************ia@example.481rg,**********3854,..........,705******00,1926-**-**,2025-**-**
483,Caroline Sales,#gQ&H*H430,rafaelri482s@example.482rg,29607514858,2025-11-02,1946-01-01,10,483,+55037920002451,Hfwtqnsj%Xfqjx,**********2s@example.482rg,***********2451,..........,296******58,1946-**-**,2025-**-**
484,Igor Vasconcelos,^95oZZrDNI,anna-liz87@example.net,16479025849,2025-11-02,1938-07-30,17,484,+5508984328200,Nltw%[fxhtshjqtx,********87@example.net,**********8200,..........,164******49,1938-**-**,2025-**-**
485,Oliver Viana,3B(K67Dr_m,luana28@example.net,16542908749,2025-11-02,1977-02-28,34,485,+5542999012325,Tqn{jw%[nfsf,*****28@example.net,**********2325,..........,165******49,1977-**-**,2025-**-**
486,Benicio Souza,3PTRKXno#0,camp485sheit485r@example.485rg,83092617487,2025-11-02,1937-03-11,9,486,+5588923451060,Gjsnhnt%Xtzf,**************5r@example.485rg,**********1060,..........,830******87,1937-**-**,2025-**-**
487,Sr. Rhavi Rezende,#9fP%*uC31,s486phieda-luz@example.c486m,91764850211,2025-11-02,1962-02-20,9,487,+55083928651804,Xw3%Wmf{n%Wjjsij,************uz@example.c486m,***********1804,..........,917******11,1962-**-**,2025-**-**
488,Ana Vitória Freitas,+33#JvvjV9,bf487nseca@example.net,91620574306,2025-11-02,2021-12-26,29,488,+5515974021909,Fsf%[nyøwnf%Kwjnyfx,********ca@example.net,**********1909,..........,916******06,2021-**-**,2025-**-**
489,Ana Sophia Fogaça,!2D#Bgn%As,the48849@example.488rg,96052173840,2025-11-02,1987-10-31,20,489,+55082910143828,Fsf%Xtumnf%Ktlfìf,******49@example.488rg,***********3828,..........,960******40,1987-**-**,2025-**-**
490,Pedro Lucas da Conceição,@@wQ5EeHjX,da-c489stathe489@example.c489m,26910438787,2025-11-02,1964-03-11,26,490,+5520951263006,Ujiwt%Qzhfx%if%Htshjnìèt,**************89@example.c489m,**********3006,..........,269******87,1964-**-**,2025-**-**
491,Sra. Ester Nascimento,B9H@4CYrR_,hsant490s@example.c490m,36219480589,2025-11-02,1991-10-07,8,491,+5526911894372,Xwf3%Jxyjw%Sfxhnrjsyt,*******0s@example.c490m,**********4372,..........,362******89,1991-**-**,2025-**-**
492,Vicente Mendonça,_#7P0cpxlc,r491driguesj491sue@example.491rg,78062435938,2025-11-02,1986-05-31,14,492,+5596997437406,[nhjsyj%Rjsitsìf,****************ue@example.491rg,**********7406,..........,780******38,1986-**-**,2025-**-**
493,Luísa Nascimento,jh6HmyX2W*,maria-fernandacaldeira@example.492rg,89530162740,2025-11-02,1988-04-10,44,493,+5550945467408,Qzòxf%Sfxhnrjsyt,********************ra@example.492rg,**********7408,..........,895******40,1988-**-**,2025-**-**
494,Theo Cassiano,(5E(Ef5qnf,an493gueira@example.493rg,76548309120,2025-11-02,1981-08-05,5,494,+55067988740710,Ymjt%Hfxxnfst,*********ra@example.493rg,***********0710,..........,765******20,1981-**-**,2025-**-**
495,Sophie Jesus,O+9v@ALu!i,hel494isa68@example.c494m,92345167882,2025-11-02,2010-08-17,15,495,+5548930244962,Xtumnj%Ojxzx,*********68@example.c494m,**********4962,..........,923******82,2010-**-**,2025-**-**
496,Lucas Gabriel Sampaio,EHN2n+f_9^,gabriela25@example.net,90867351268,2025-11-02,2013-06-29,21,496,+5599940914169,Qzhfx%Lfgwnjq%Xfrufnt,********25@example.net,**********4169,..........,908******68,2013-**-**,2025-**-**
497,Beatriz da Rocha,G(Jo77Ia!B,isism496ura@example.496rg,70894513648,2025-11-02,1949-06-12,7,497,+5523962412800,Gjfywn%if%Wthmf,*********ra@example.496rg,**********2800,..........,708******48,1949-**-**,2025-**-**
498,Luiz Fernando Sampaio,u^1ZAqy!Du,marcel497rezende@example.497rg,45762130916,2025-11-02,2022-08-31,3,498,+5535974109852,Qzn%Kjwsfsit%Xfrufnt,**************de@example.497rg,**********9852,..........,457******16,2022-**-**,2025-**-**
499,Eloah Brito,%(tEBXitJ3,498liverpast498r@example.c498m,59478206176,2025-11-02,1975-02-04,39,499,+5594997792912,Jqtfm%Gwnyt,**************8r@example.c498m,**********2912,..........,594******76,1975-**-**,2025-**-**
500,Lara Garcia,(Ul7VKPiQx,f499nsecaj499a499-pedr499@example.c499m,18594327609,2025-11-02,1918-07-02,49,500,+55027941888787,Qfwf%Lfwhnf,***********************99@example.c499m,***********8787,..........,185******09,1918-**-**,2025-**-**
